"Species_name","Parvorder","Diel_Pattern_2","Diel_Pattern","New_Pattern","Confidence","tips","column","value"
"Balaena mysticetus","Mysticeti","Cathemeral","cathemeral","cathemeral","3,4,4,4","Balaena_mysticetus","Conf3.1","nocturnal/crepuscular"
"Balaena mysticetus","Mysticeti","Cathemeral","cathemeral","cathemeral","3,4,4,4","Balaena_mysticetus","Conf4.1","cathemeral"
"Balaena mysticetus","Mysticeti","Cathemeral","cathemeral","cathemeral","3,4,4,4","Balaena_mysticetus","Conf4.2","cathemeral"
"Balaenoptera acutorostrata","Mysticeti","Nocturnal","nocturnal","diurnal","3,3,4,3,4,4,2,2","Balaenoptera_acutorostrata","Conf2.2","diurnal/crepuscular"
"Balaenoptera acutorostrata","Mysticeti","Nocturnal","nocturnal","diurnal","3,3,4,3,4,4,2,2","Balaenoptera_acutorostrata","Conf3.1","nocturnal"
"Balaenoptera acutorostrata","Mysticeti","Nocturnal","nocturnal","diurnal","3,3,4,3,4,4,2,2","Balaenoptera_acutorostrata","Conf3.2","cathemeral"
"Balaenoptera acutorostrata","Mysticeti","Nocturnal","nocturnal","diurnal","3,3,4,3,4,4,2,2","Balaenoptera_acutorostrata","Conf3ByS.1","diurnal"
"Balaenoptera acutorostrata","Mysticeti","Nocturnal","nocturnal","diurnal","3,3,4,3,4,4,2,2","Balaenoptera_acutorostrata","Conf4.1","diurnal"
"Balaenoptera acutorostrata","Mysticeti","Nocturnal","nocturnal","diurnal","3,3,4,3,4,4,2,2","Balaenoptera_acutorostrata","Conf4.2","diurnal"
"Balaenoptera acutorostrata","Mysticeti","Nocturnal","nocturnal","diurnal","3,3,4,3,4,4,2,2","Balaenoptera_acutorostrata","Conf4.3","nocturnal"
"Balaenoptera bonaerensis","Mysticeti","Cathemeral","cathemeral","nocturnal/cathemeral","3,3,3,3,3, 4","Balaenoptera_bonaerensis","Conf3.1","cathemeral"
"Balaenoptera bonaerensis","Mysticeti","Cathemeral","cathemeral","nocturnal/cathemeral","3,3,3,3,3, 4","Balaenoptera_bonaerensis","Conf3.2","cathemeral"
"Balaenoptera bonaerensis","Mysticeti","Cathemeral","cathemeral","nocturnal/cathemeral","3,3,3,3,3, 4","Balaenoptera_bonaerensis","Conf3.3","cathemeral"
"Balaenoptera bonaerensis","Mysticeti","Cathemeral","cathemeral","nocturnal/cathemeral","3,3,3,3,3, 4","Balaenoptera_bonaerensis","Conf3.4","nocturnal/cathemeral"
"Balaenoptera bonaerensis","Mysticeti","Cathemeral","cathemeral","nocturnal/cathemeral","3,3,3,3,3, 4","Balaenoptera_bonaerensis","Conf3ByS.1","nocturnal"
"Balaenoptera bonaerensis","Mysticeti","Cathemeral","cathemeral","nocturnal/cathemeral","3,3,3,3,3, 4","Balaenoptera_bonaerensis","Conf4.1","cathemeral"
"Balaenoptera borealis","Mysticeti","Cathemeral","cathemeral","cathemeral","4,3,3,2","Balaenoptera_borealis","Conf2.1","unclear/diurnal"
"Balaenoptera borealis","Mysticeti","Cathemeral","cathemeral","cathemeral","4,3,3,2","Balaenoptera_borealis","Conf3.1","diurnal"
"Balaenoptera borealis","Mysticeti","Cathemeral","cathemeral","cathemeral","4,3,3,2","Balaenoptera_borealis","Conf3.2","nocturnal"
"Balaenoptera borealis","Mysticeti","Cathemeral","cathemeral","cathemeral","4,3,3,2","Balaenoptera_borealis","Conf4.1","cathemeral"
"Balaenoptera brydei","Mysticeti","Nocturnal","nocturnal","nocturnal","4,3,3","Balaenoptera_brydei","Conf3.1","nocturnal"
"Balaenoptera brydei","Mysticeti","Nocturnal","nocturnal","nocturnal","4,3,3","Balaenoptera_brydei","Conf3.2","nocturnal"
"Balaenoptera brydei","Mysticeti","Nocturnal","nocturnal","nocturnal","4,3,3","Balaenoptera_brydei","Conf4.1","nocturnal"
"Balaenoptera edeni","Mysticeti","Diurnal","diurnal","diurnal","4,3,2","Balaenoptera_edeni","Conf2.1","unclear/crepuscular"
"Balaenoptera edeni","Mysticeti","Diurnal","diurnal","diurnal","4,3,2","Balaenoptera_edeni","Conf3.1","cathemeral"
"Balaenoptera edeni","Mysticeti","Diurnal","diurnal","diurnal","4,3,2","Balaenoptera_edeni","Conf4.1","diurnal"
"Balaenoptera musculus","Mysticeti","Cathemeral","cathemeral","nocturnal/cathemeral","3,4,4,3,3,4,3,3","Balaenoptera_musculus","Conf3.1","diurnal"
"Balaenoptera musculus","Mysticeti","Cathemeral","cathemeral","nocturnal/cathemeral","3,4,4,3,3,4,3,3","Balaenoptera_musculus","Conf3.2","nocturnal/crepuscular"
"Balaenoptera musculus","Mysticeti","Cathemeral","cathemeral","nocturnal/cathemeral","3,4,4,3,3,4,3,3","Balaenoptera_musculus","Conf3.3","nocturnal/crepuscular"
"Balaenoptera musculus","Mysticeti","Cathemeral","cathemeral","nocturnal/cathemeral","3,4,4,3,3,4,3,3","Balaenoptera_musculus","Conf3.4","nocturnal/crepuscular"
"Balaenoptera musculus","Mysticeti","Cathemeral","cathemeral","nocturnal/cathemeral","3,4,4,3,3,4,3,3","Balaenoptera_musculus","Conf3.5","cathemeral"
"Balaenoptera musculus","Mysticeti","Cathemeral","cathemeral","nocturnal/cathemeral","3,4,4,3,3,4,3,3","Balaenoptera_musculus","Conf4.1","cathemeral"
"Balaenoptera musculus","Mysticeti","Cathemeral","cathemeral","nocturnal/cathemeral","3,4,4,3,3,4,3,3","Balaenoptera_musculus","Conf4.2","nocturnal"
"Balaenoptera musculus","Mysticeti","Cathemeral","cathemeral","nocturnal/cathemeral","3,4,4,3,3,4,3,3","Balaenoptera_musculus","Conf4.3","cathemeral"
"Balaenoptera musculus","Mysticeti","Cathemeral","cathemeral","nocturnal/cathemeral","3,4,4,3,3,4,3,3","Balaenoptera_musculus","Conf4.4","cathemeral"
"Balaenoptera omurai","Mysticeti","Cathemeral","cathemeral","cathemeral","3,3","Balaenoptera_omurai","Conf3.1","diurnal"
"Balaenoptera omurai","Mysticeti","Cathemeral","cathemeral","cathemeral","3,3","Balaenoptera_omurai","Conf3.2","cathemeral"
"Balaenoptera physalus","Mysticeti","Cathemeral","cathemeral","cathemeral","3,4,4,3,3,2,3,3,3,4,4","Balaenoptera_physalus","Conf2.1","unclear/cathemeral"
"Balaenoptera physalus","Mysticeti","Cathemeral","cathemeral","cathemeral","3,4,4,3,3,2,3,3,3,4,4","Balaenoptera_physalus","Conf3.1","cathemeral"
"Balaenoptera physalus","Mysticeti","Cathemeral","cathemeral","cathemeral","3,4,4,3,3,2,3,3,3,4,4","Balaenoptera_physalus","Conf3.2","cathemeral"
"Balaenoptera physalus","Mysticeti","Cathemeral","cathemeral","cathemeral","3,4,4,3,3,2,3,3,3,4,4","Balaenoptera_physalus","Conf3.3","cathemeral"
"Balaenoptera physalus","Mysticeti","Cathemeral","cathemeral","cathemeral","3,4,4,3,3,2,3,3,3,4,4","Balaenoptera_physalus","Conf3.4","nocturnal/crepuscular"
"Balaenoptera physalus","Mysticeti","Cathemeral","cathemeral","cathemeral","3,4,4,3,3,2,3,3,3,4,4","Balaenoptera_physalus","Conf3.5","cathemeral"
"Balaenoptera physalus","Mysticeti","Cathemeral","cathemeral","cathemeral","3,4,4,3,3,2,3,3,3,4,4","Balaenoptera_physalus","Conf3ByS.1","nocturnal"
"Balaenoptera physalus","Mysticeti","Cathemeral","cathemeral","cathemeral","3,4,4,3,3,2,3,3,3,4,4","Balaenoptera_physalus","Conf4.1","cathemeral"
"Balaenoptera physalus","Mysticeti","Cathemeral","cathemeral","cathemeral","3,4,4,3,3,2,3,3,3,4,4","Balaenoptera_physalus","Conf4.2","cathemeral"
"Balaenoptera physalus","Mysticeti","Cathemeral","cathemeral","cathemeral","3,4,4,3,3,2,3,3,3,4,4","Balaenoptera_physalus","Conf4.3","cathemeral"
"Balaenoptera physalus","Mysticeti","Cathemeral","cathemeral","cathemeral","3,4,4,3,3,2,3,3,3,4,4","Balaenoptera_physalus","Conf4.4","cathemeral"
"Balaenoptera ricei","Mysticeti","Diurnal","diurnal","diurnal","4,4,3","Balaenoptera_ricei","Conf3.1","nocturnal"
"Balaenoptera ricei","Mysticeti","Diurnal","diurnal","diurnal","4,4,3","Balaenoptera_ricei","Conf4.1","diurnal"
"Balaenoptera ricei","Mysticeti","Diurnal","diurnal","diurnal","4,4,3","Balaenoptera_ricei","Conf4.2","diurnal"
"Berardius arnuxii","Odontoceti","Cathemeral","cathemeral",NA,"0.5,1,1,1,1","Berardius_arnuxii","Conf1.5","unclear/diurnal"
"Berardius bairdii","Odontoceti","Cathemeral","cathemeral","cathemeral","3,4,4,3","Berardius_bairdii","Conf3.1","cathemeral"
"Berardius bairdii","Odontoceti","Cathemeral","cathemeral","cathemeral","3,4,4,3","Berardius_bairdii","Conf3ByS.1","diurnal/cathemeral"
"Berardius bairdii","Odontoceti","Cathemeral","cathemeral","cathemeral","3,4,4,3","Berardius_bairdii","Conf4.1","cathemeral"
"Berardius bairdii","Odontoceti","Cathemeral","cathemeral","cathemeral","3,4,4,3","Berardius_bairdii","Conf4.2","cathemeral"
"Caperea marginata","Mysticeti","Nocturnal","nocturnal","cathemeral","1,1,1,3","Caperea_marginata","Conf3.1","cathemeral"
"Cephalorhynchus commersonii","Odontoceti","Diurnal","diurnal","","5,2,2,3,2,2","Cephalorhynchus_commersonii","Conf2.2","cathemeral"
"Cephalorhynchus commersonii","Odontoceti","Diurnal","diurnal","","5,2,2,3,2,2","Cephalorhynchus_commersonii","Conf3ByS.1","cathemeral"
"Cephalorhynchus commersonii","Odontoceti","Diurnal","diurnal","","5,2,2,3,2,2","Cephalorhynchus_commersonii","Conf5.1","diurnal"
"Cephalorhynchus eutropia","Odontoceti","Cathemeral","cathemeral","nocturnal/cathemeral","2,2,2,3","Cephalorhynchus_eutropia","Conf2.3","unclear/nocturnal"
"Cephalorhynchus eutropia","Odontoceti","Cathemeral","cathemeral","nocturnal/cathemeral","2,2,2,3","Cephalorhynchus_eutropia","Conf3.1","cathemeral"
"Cephalorhynchus heavisidii","Odontoceti","Nocturnal/crepuscular","crepuscular","nocturnal/crepuscular","2,4,3,4,2,2","Cephalorhynchus_heavisidii","Conf2.1","nocturnal"
"Cephalorhynchus heavisidii","Odontoceti","Nocturnal/crepuscular","crepuscular","nocturnal/crepuscular","2,4,3,4,2,2","Cephalorhynchus_heavisidii","Conf2.2","nocturnal"
"Cephalorhynchus heavisidii","Odontoceti","Nocturnal/crepuscular","crepuscular","nocturnal/crepuscular","2,4,3,4,2,2","Cephalorhynchus_heavisidii","Conf2.3","nocturnal"
"Cephalorhynchus heavisidii","Odontoceti","Nocturnal/crepuscular","crepuscular","nocturnal/crepuscular","2,4,3,4,2,2","Cephalorhynchus_heavisidii","Conf3.1","nocturnal/crepuscular"
"Cephalorhynchus heavisidii","Odontoceti","Nocturnal/crepuscular","crepuscular","nocturnal/crepuscular","2,4,3,4,2,2","Cephalorhynchus_heavisidii","Conf3ByS.1","nocturnal/crepuscular"
"Cephalorhynchus heavisidii","Odontoceti","Nocturnal/crepuscular","crepuscular","nocturnal/crepuscular","2,4,3,4,2,2","Cephalorhynchus_heavisidii","Conf4.1","nocturnal"
"Cephalorhynchus heavisidii","Odontoceti","Nocturnal/crepuscular","crepuscular","nocturnal/crepuscular","2,4,3,4,2,2","Cephalorhynchus_heavisidii","Conf4.2","nocturnal/crepuscular"
"Cephalorhynchus hectori","Odontoceti","Diurnal","diurnal","cathemeral","4,2,3,3,3,3,2","Cephalorhynchus_hectori","Conf3.1","diurnal"
"Cephalorhynchus hectori","Odontoceti","Diurnal","diurnal","cathemeral","4,2,3,3,3,3,2","Cephalorhynchus_hectori","Conf3.2","cathemeral"
"Cephalorhynchus hectori","Odontoceti","Diurnal","diurnal","cathemeral","4,2,3,3,3,3,2","Cephalorhynchus_hectori","Conf3.3","diurnal"
"Cephalorhynchus hectori","Odontoceti","Diurnal","diurnal","cathemeral","4,2,3,3,3,3,2","Cephalorhynchus_hectori","Conf3.4","cathemeral"
"Cephalorhynchus hectori","Odontoceti","Diurnal","diurnal","cathemeral","4,2,3,3,3,3,2","Cephalorhynchus_hectori","Conf4.1","cathemeral"
"Delphinapterus leucas","Odontoceti","Diurnal","diurnal","diurnal/cathemeral","3,5,1,4,4,4,5,4","Delphinapterus_leucas","Conf1.1","diurnal"
"Delphinapterus leucas","Odontoceti","Diurnal","diurnal","diurnal/cathemeral","3,5,1,4,4,4,5,4","Delphinapterus_leucas","Conf3.1","diurnal"
"Delphinapterus leucas","Odontoceti","Diurnal","diurnal","diurnal/cathemeral","3,5,1,4,4,4,5,4","Delphinapterus_leucas","Conf4.1","cathemeral"
"Delphinapterus leucas","Odontoceti","Diurnal","diurnal","diurnal/cathemeral","3,5,1,4,4,4,5,4","Delphinapterus_leucas","Conf4.2","cathemeral"
"Delphinapterus leucas","Odontoceti","Diurnal","diurnal","diurnal/cathemeral","3,5,1,4,4,4,5,4","Delphinapterus_leucas","Conf4.3","nocturnal"
"Delphinapterus leucas","Odontoceti","Diurnal","diurnal","diurnal/cathemeral","3,5,1,4,4,4,5,4","Delphinapterus_leucas","Conf4.4","diurnal"
"Delphinapterus leucas","Odontoceti","Diurnal","diurnal","diurnal/cathemeral","3,5,1,4,4,4,5,4","Delphinapterus_leucas","Conf5.1","diurnal"
"Delphinapterus leucas","Odontoceti","Diurnal","diurnal","diurnal/cathemeral","3,5,1,4,4,4,5,4","Delphinapterus_leucas","Conf5.2","cathemeral"
"Delphinus delphis","Odontoceti","Nocturnal","nocturnal","nocturnal","3,2,3,2,3","Delphinus_delphis","Conf3.1","nocturnal"
"Delphinus delphis","Odontoceti","Nocturnal","nocturnal","nocturnal","3,2,3,2,3","Delphinus_delphis","Conf3.2","nocturnal"
"Delphinus delphis","Odontoceti","Nocturnal","nocturnal","nocturnal","3,2,3,2,3","Delphinus_delphis","Conf3.3","nocturnal"
"Eschrichtius robustus","Mysticeti","Nocturnal/crepuscular","crepuscular","diurnal/crepuscular","3,3,2,3,5,5,4","Eschrichtius_robustus","Conf2.1","diurnal"
"Eschrichtius robustus","Mysticeti","Nocturnal/crepuscular","crepuscular","diurnal/crepuscular","3,3,2,3,5,5,4","Eschrichtius_robustus","Conf3.1","nocturnal/crepuscular"
"Eschrichtius robustus","Mysticeti","Nocturnal/crepuscular","crepuscular","diurnal/crepuscular","3,3,2,3,5,5,4","Eschrichtius_robustus","Conf3.2","cathemeral/crepuscular"
"Eschrichtius robustus","Mysticeti","Nocturnal/crepuscular","crepuscular","diurnal/crepuscular","3,3,2,3,5,5,4","Eschrichtius_robustus","Conf3.3","cathemeral"
"Eschrichtius robustus","Mysticeti","Nocturnal/crepuscular","crepuscular","diurnal/crepuscular","3,3,2,3,5,5,4","Eschrichtius_robustus","Conf4.1","diurnal"
"Eschrichtius robustus","Mysticeti","Nocturnal/crepuscular","crepuscular","diurnal/crepuscular","3,3,2,3,5,5,4","Eschrichtius_robustus","Conf5.1","cathemeral"
"Eschrichtius robustus","Mysticeti","Nocturnal/crepuscular","crepuscular","diurnal/crepuscular","3,3,2,3,5,5,4","Eschrichtius_robustus","Conf5.2","diurnal"
"Eubalaena australis","Mysticeti","Nocturnal/crepuscular","crepuscular","diurnal/crepuscular","2,3,3, 2, 2, 3, 2","Eubalaena_australis","Conf2.1","unclear/crepuscular"
"Eubalaena australis","Mysticeti","Nocturnal/crepuscular","crepuscular","diurnal/crepuscular","2,3,3, 2, 2, 3, 2","Eubalaena_australis","Conf2.3","diurnal"
"Eubalaena australis","Mysticeti","Nocturnal/crepuscular","crepuscular","diurnal/crepuscular","2,3,3, 2, 2, 3, 2","Eubalaena_australis","Conf3.1","cathemeral"
"Eubalaena australis","Mysticeti","Nocturnal/crepuscular","crepuscular","diurnal/crepuscular","2,3,3, 2, 2, 3, 2","Eubalaena_australis","Conf3.2","nocturnal/crepuscular"
"Eubalaena australis","Mysticeti","Nocturnal/crepuscular","crepuscular","diurnal/crepuscular","2,3,3, 2, 2, 3, 2","Eubalaena_australis","Conf3.3","nocturnal/crepuscular"
"Eubalaena glacialis","Mysticeti","Nocturnal","nocturnal","cathemeral","4,3,3,1,4,3,3,3,3,3","Eubalaena_glacialis","Conf1.1","nocturnal/crepuscular"
"Eubalaena glacialis","Mysticeti","Nocturnal","nocturnal","cathemeral","4,3,3,1,4,3,3,3,3,3","Eubalaena_glacialis","Conf3.1","diurnal/cathemeral"
"Eubalaena glacialis","Mysticeti","Nocturnal","nocturnal","cathemeral","4,3,3,1,4,3,3,3,3,3","Eubalaena_glacialis","Conf3.2","nocturnal/crepuscular"
"Eubalaena glacialis","Mysticeti","Nocturnal","nocturnal","cathemeral","4,3,3,1,4,3,3,3,3,3","Eubalaena_glacialis","Conf3.3","nocturnal/crepuscular"
"Eubalaena glacialis","Mysticeti","Nocturnal","nocturnal","cathemeral","4,3,3,1,4,3,3,3,3,3","Eubalaena_glacialis","Conf3.4","cathemeral/crepuscular"
"Eubalaena glacialis","Mysticeti","Nocturnal","nocturnal","cathemeral","4,3,3,1,4,3,3,3,3,3","Eubalaena_glacialis","Conf3.5","nocturnal"
"Eubalaena glacialis","Mysticeti","Nocturnal","nocturnal","cathemeral","4,3,3,1,4,3,3,3,3,3","Eubalaena_glacialis","Conf3.6","cathemeral/crepuscular"
"Eubalaena glacialis","Mysticeti","Nocturnal","nocturnal","cathemeral","4,3,3,1,4,3,3,3,3,3","Eubalaena_glacialis","Conf3.7","nocturnal"
"Eubalaena glacialis","Mysticeti","Nocturnal","nocturnal","cathemeral","4,3,3,1,4,3,3,3,3,3","Eubalaena_glacialis","Conf4.1","cathemeral"
"Eubalaena glacialis","Mysticeti","Nocturnal","nocturnal","cathemeral","4,3,3,1,4,3,3,3,3,3","Eubalaena_glacialis","Conf4.2","cathemeral"
"Eubalaena japonica","Mysticeti","Nocturnal","nocturnal","diurnal","3,2, 2, 3","Eubalaena_japonica","Conf2.1","diurnal"
"Eubalaena japonica","Mysticeti","Nocturnal","nocturnal","diurnal","3,2, 2, 3","Eubalaena_japonica","Conf3.1","nocturnal"
"Eubalaena japonica","Mysticeti","Nocturnal","nocturnal","diurnal","3,2, 2, 3","Eubalaena_japonica","Conf3.2","nocturnal"
"Eubalaena japonica","Mysticeti","Nocturnal","nocturnal","diurnal","3,2, 2, 3","Eubalaena_japonica","Conf3.3","nocturnal/crepuscular"
"Feresa attenuata","Odontoceti","Nocturnal","nocturnal","nocturnal","4, 1, 2","Feresa_attenuata","Conf1.1","nocturnal"
"Feresa attenuata","Odontoceti","Nocturnal","nocturnal","nocturnal","4, 1, 2","Feresa_attenuata","Conf2.1","nocturnal"
"Feresa attenuata","Odontoceti","Nocturnal","nocturnal","nocturnal","4, 1, 2","Feresa_attenuata","Conf4.1","nocturnal"
"Globicephala macrorhynchus","Odontoceti","Nocturnal/crepuscular","crepuscular","","4,4,3,4,4,3,4","Globicephala_macrorhynchus","Conf3.1","nocturnal/crepuscular"
"Globicephala macrorhynchus","Odontoceti","Nocturnal/crepuscular","crepuscular","","4,4,3,4,4,3,4","Globicephala_macrorhynchus","Conf3.2","nocturnal"
"Globicephala macrorhynchus","Odontoceti","Nocturnal/crepuscular","crepuscular","","4,4,3,4,4,3,4","Globicephala_macrorhynchus","Conf4.1","nocturnal"
"Globicephala macrorhynchus","Odontoceti","Nocturnal/crepuscular","crepuscular","","4,4,3,4,4,3,4","Globicephala_macrorhynchus","Conf4.2","nocturnal"
"Globicephala macrorhynchus","Odontoceti","Nocturnal/crepuscular","crepuscular","","4,4,3,4,4,3,4","Globicephala_macrorhynchus","Conf4.3","nocturnal"
"Globicephala macrorhynchus","Odontoceti","Nocturnal/crepuscular","crepuscular","","4,4,3,4,4,3,4","Globicephala_macrorhynchus","Conf4.4","nocturnal"
"Globicephala macrorhynchus","Odontoceti","Nocturnal/crepuscular","crepuscular","","4,4,3,4,4,3,4","Globicephala_macrorhynchus","Conf4.5","nocturnal"
"Globicephala melas","Odontoceti","Nocturnal","nocturnal","","4,4,3,2","Globicephala_melas","Conf2.1","unclear/crepuscular"
"Globicephala melas","Odontoceti","Nocturnal","nocturnal","","4,4,3,2","Globicephala_melas","Conf3.1","nocturnal"
"Globicephala melas","Odontoceti","Nocturnal","nocturnal","","4,4,3,2","Globicephala_melas","Conf4.1","nocturnal"
"Globicephala melas","Odontoceti","Nocturnal","nocturnal","","4,4,3,2","Globicephala_melas","Conf4.2","nocturnal"
"Grampus griseus","Odontoceti","Nocturnal/crepuscular","crepuscular","nocturnal","3,2,4 2,2,3,3,3,4","Grampus_griseus","Conf2.2","nocturnal"
"Grampus griseus","Odontoceti","Nocturnal/crepuscular","crepuscular","nocturnal","3,2,4 2,2,3,3,3,4","Grampus_griseus","Conf2.3","nocturnal"
"Grampus griseus","Odontoceti","Nocturnal/crepuscular","crepuscular","nocturnal","3,2,4 2,2,3,3,3,4","Grampus_griseus","Conf3.1","nocturnal/crepuscular"
"Grampus griseus","Odontoceti","Nocturnal/crepuscular","crepuscular","nocturnal","3,2,4 2,2,3,3,3,4","Grampus_griseus","Conf3.2","nocturnal"
"Grampus griseus","Odontoceti","Nocturnal/crepuscular","crepuscular","nocturnal","3,2,4 2,2,3,3,3,4","Grampus_griseus","Conf3.3","nocturnal/crepuscular"
"Grampus griseus","Odontoceti","Nocturnal/crepuscular","crepuscular","nocturnal","3,2,4 2,2,3,3,3,4","Grampus_griseus","Conf3.4","nocturnal"
"Grampus griseus","Odontoceti","Nocturnal/crepuscular","crepuscular","nocturnal","3,2,4 2,2,3,3,3,4","Grampus_griseus","Conf4.1","nocturnal/crepuscular"
"Grampus griseus","Odontoceti","Nocturnal/crepuscular","crepuscular","nocturnal","3,2,4 2,2,3,3,3,4","Grampus_griseus","Conf4.2","nocturnal"
"Hyperoodon ampullatus","Odontoceti","Cathemeral","cathemeral","cathemeral","3,3,4,4","Hyperoodon_ampullatus","Conf3.1","nocturnal"
"Hyperoodon ampullatus","Odontoceti","Cathemeral","cathemeral","cathemeral","3,3,4,4","Hyperoodon_ampullatus","Conf3.2","cathemeral"
"Hyperoodon ampullatus","Odontoceti","Cathemeral","cathemeral","cathemeral","3,3,4,4","Hyperoodon_ampullatus","Conf4.1","cathemeral"
"Hyperoodon ampullatus","Odontoceti","Cathemeral","cathemeral","cathemeral","3,3,4,4","Hyperoodon_ampullatus","Conf4.2","cathemeral"
"Hyperoodon planifrons","Odontoceti","Diurnal/crepuscular","crepuscular","diurnal/crepuscular","3,3","Hyperoodon_planifrons","Conf3.1","diurnal"
"Hyperoodon planifrons","Odontoceti","Diurnal/crepuscular","crepuscular","diurnal/crepuscular","3,3","Hyperoodon_planifrons","Conf3.2","diurnal/crepuscular"
"Indopacetus pacificus","Odontoceti","Nocturnal/crepuscular","crepuscular","nocturnal/crepuscular","3,3","Indopacetus_pacificus","Conf3.1","nocturnal/crepuscular"
"Indopacetus pacificus","Odontoceti","Nocturnal/crepuscular","crepuscular","nocturnal/crepuscular","3,3","Indopacetus_pacificus","Conf3.2","nocturnal"
"Inia boliviensis","Odontoceti","Nocturnal","nocturnal",NA,"1","Inia_boliviensis","Conf1.1","unclear/nocturnal"
"Inia geoffrensis","Odontoceti","Cathemeral","cathemeral","","3,3,3,5,2","Inia_geoffrensis","Conf2.1","unclear/nocturnal"
"Inia geoffrensis","Odontoceti","Cathemeral","cathemeral","","3,3,3,5,2","Inia_geoffrensis","Conf3.1","diurnal"
"Inia geoffrensis","Odontoceti","Cathemeral","cathemeral","","3,3,3,5,2","Inia_geoffrensis","Conf3.2","nocturnal/cathemeral"
"Inia geoffrensis","Odontoceti","Cathemeral","cathemeral","","3,3,3,5,2","Inia_geoffrensis","Conf3.3","cathemeral"
"Inia geoffrensis","Odontoceti","Cathemeral","cathemeral","","3,3,3,5,2","Inia_geoffrensis","Conf5.1","cathemeral"
"Inia humboldtiana","Odontoceti","Nocturnal","nocturnal",NA,"1","Inia_humboldtiana","Conf1.1","unclear/nocturnal"
"Kogia breviceps","Odontoceti","Nocturnal/crepuscular","crepuscular","","3,1,1,4,3,3","Kogia_breviceps","Conf1.2","nocturnal"
"Kogia breviceps","Odontoceti","Nocturnal/crepuscular","crepuscular","","3,1,1,4,3,3","Kogia_breviceps","Conf3.1","cathemeral"
"Kogia breviceps","Odontoceti","Nocturnal/crepuscular","crepuscular","","3,1,1,4,3,3","Kogia_breviceps","Conf3.2","nocturnal/crepuscular"
"Kogia breviceps","Odontoceti","Nocturnal/crepuscular","crepuscular","","3,1,1,4,3,3","Kogia_breviceps","Conf3.3","cathemeral"
"Kogia breviceps","Odontoceti","Nocturnal/crepuscular","crepuscular","","3,1,1,4,3,3","Kogia_breviceps","Conf4.1","nocturnal/crepuscular"
"Kogia sima","Odontoceti","Nocturnal/crepuscular","crepuscular","","3,2,1,3,3","Kogia_sima","Conf2.1","nocturnal"
"Kogia sima","Odontoceti","Nocturnal/crepuscular","crepuscular","","3,2,1,3,3","Kogia_sima","Conf3.1","cathemeral"
"Kogia sima","Odontoceti","Nocturnal/crepuscular","crepuscular","","3,2,1,3,3","Kogia_sima","Conf3.2","nocturnal/crepuscular"
"Kogia sima","Odontoceti","Nocturnal/crepuscular","crepuscular","","3,2,1,3,3","Kogia_sima","Conf3.3","cathemeral"
"Lagenodelphis hosei","Odontoceti","Nocturnal","nocturnal","nocturnal","1,3","Lagenodelphis_hosei","Conf1.1","unclear/nocturnal"
"Lagenodelphis hosei","Odontoceti","Nocturnal","nocturnal","nocturnal","1,3","Lagenodelphis_hosei","Conf3ByS.1","nocturnal"
"Lagenorhynchus acutus","Odontoceti","Nocturnal","nocturnal","","2,3","Lagenorhynchus_acutus","Conf2.1","diurnal"
"Lagenorhynchus acutus","Odontoceti","Nocturnal","nocturnal","","2,3","Lagenorhynchus_acutus","Conf3ByS.1","nocturnal"
"Lagenorhynchus albirostris","Odontoceti","Nocturnal/crepuscular","crepuscular","nocturnal/crepuscular","2,4","Lagenorhynchus_albirostris","Conf4.1","nocturnal/crepuscular"
"Lagenorhynchus australis","Odontoceti","Nocturnal","nocturnal",NA,"2, 2, 2, 1, 2","Lagenorhynchus_australis","Conf2.1","nocturnal"
"Lagenorhynchus australis","Odontoceti","Nocturnal","nocturnal",NA,"2, 2, 2, 1, 2","Lagenorhynchus_australis","Conf2.4","nocturnal"
"Lagenorhynchus obliquidens","Odontoceti","Nocturnal/crepuscular","crepuscular","","3,5,3,3,3","Lagenorhynchus_obliquidens","Conf3.1","nocturnal/crepuscular"
"Lagenorhynchus obliquidens","Odontoceti","Nocturnal/crepuscular","crepuscular","","3,5,3,3,3","Lagenorhynchus_obliquidens","Conf3.2","cathemeral"
"Lagenorhynchus obliquidens","Odontoceti","Nocturnal/crepuscular","crepuscular","","3,5,3,3,3","Lagenorhynchus_obliquidens","Conf3.3","nocturnal"
"Lagenorhynchus obliquidens","Odontoceti","Nocturnal/crepuscular","crepuscular","","3,5,3,3,3","Lagenorhynchus_obliquidens","Conf3ByS.1","cathemeral/crepuscular"
"Lagenorhynchus obliquidens","Odontoceti","Nocturnal/crepuscular","crepuscular","","3,5,3,3,3","Lagenorhynchus_obliquidens","Conf5.1","diurnal"
"Lagenorhynchus obscurus","Odontoceti","Cathemeral","cathemeral","cathemeral","4,2,2,2,4,4,3,2,3","Lagenorhynchus_obscurus","Conf2.1","unclear/cathemeral"
"Lagenorhynchus obscurus","Odontoceti","Cathemeral","cathemeral","cathemeral","4,2,2,2,4,4,3,2,3","Lagenorhynchus_obscurus","Conf2.4","unclear/nocturnal"
"Lagenorhynchus obscurus","Odontoceti","Cathemeral","cathemeral","cathemeral","4,2,2,2,4,4,3,2,3","Lagenorhynchus_obscurus","Conf3.1","nocturnal"
"Lagenorhynchus obscurus","Odontoceti","Cathemeral","cathemeral","cathemeral","4,2,2,2,4,4,3,2,3","Lagenorhynchus_obscurus","Conf3ByS.1","nocturnal"
"Lagenorhynchus obscurus","Odontoceti","Cathemeral","cathemeral","cathemeral","4,2,2,2,4,4,3,2,3","Lagenorhynchus_obscurus","Conf4.1","cathemeral"
"Lagenorhynchus obscurus","Odontoceti","Cathemeral","cathemeral","cathemeral","4,2,2,2,4,4,3,2,3","Lagenorhynchus_obscurus","Conf4.2","nocturnal/crepuscular"
"Lagenorhynchus obscurus","Odontoceti","Cathemeral","cathemeral","cathemeral","4,2,2,2,4,4,3,2,3","Lagenorhynchus_obscurus","Conf4.3","nocturnal/crepuscular"
"Lipotes vexillifer","Odontoceti","Diurnal","diurnal","","1,5,5","Lipotes_vexillifer","Conf1.1","nocturnal"
"Lipotes vexillifer","Odontoceti","Diurnal","diurnal","","1,5,5","Lipotes_vexillifer","Conf5.1","diurnal"
"Lipotes vexillifer","Odontoceti","Diurnal","diurnal","","1,5,5","Lipotes_vexillifer","Conf5.2","diurnal"
"Lissodelphis borealis","Odontoceti","Nocturnal","nocturnal",NA,"1","Lissodelphis_borealis","Conf1.1","nocturnal"
"Lissodelphis peronii","Odontoceti","Nocturnal","nocturnal",NA,"1","Lissodelphis_peronii","Conf1.1","nocturnal"
"Megaptera novaeangliae","Mysticeti","Cathemeral","cathemeral","nocturnal/cathemeral","4,4,4,3,4,4,4,4","Megaptera_novaeangliae","Conf3.1","nocturnal"
"Megaptera novaeangliae","Mysticeti","Cathemeral","cathemeral","nocturnal/cathemeral","4,4,4,3,4,4,4,4","Megaptera_novaeangliae","Conf4.1","cathemeral"
"Megaptera novaeangliae","Mysticeti","Cathemeral","cathemeral","nocturnal/cathemeral","4,4,4,3,4,4,4,4","Megaptera_novaeangliae","Conf4.2","cathemeral"
"Megaptera novaeangliae","Mysticeti","Cathemeral","cathemeral","nocturnal/cathemeral","4,4,4,3,4,4,4,4","Megaptera_novaeangliae","Conf4.3","cathemeral"
"Megaptera novaeangliae","Mysticeti","Cathemeral","cathemeral","nocturnal/cathemeral","4,4,4,3,4,4,4,4","Megaptera_novaeangliae","Conf4.4","cathemeral"
"Megaptera novaeangliae","Mysticeti","Cathemeral","cathemeral","nocturnal/cathemeral","4,4,4,3,4,4,4,4","Megaptera_novaeangliae","Conf4.5","nocturnal/cathemeral"
"Megaptera novaeangliae","Mysticeti","Cathemeral","cathemeral","nocturnal/cathemeral","4,4,4,3,4,4,4,4","Megaptera_novaeangliae","Conf4.6","nocturnal"
"Megaptera novaeangliae","Mysticeti","Cathemeral","cathemeral","nocturnal/cathemeral","4,4,4,3,4,4,4,4","Megaptera_novaeangliae","Conf4.7","cathemeral"
"Megaptera novaeangliae","Mysticeti","Cathemeral","cathemeral","nocturnal/cathemeral","4,4,4,3,4,4,4,4","Megaptera_novaeangliae","Conf4.8","nocturnal"
"Mesoplodon bidens","Odontoceti","Cathemeral","cathemeral","","3,4","Mesoplodon_bidens","Conf3.1","cathemeral"
"Mesoplodon bidens","Odontoceti","Cathemeral","cathemeral","","3,4","Mesoplodon_bidens","Conf4.1","cathemeral"
"Mesoplodon densirostris","Odontoceti","Cathemeral","cathemeral","cathemeral","4,4,3,4,3,3","Mesoplodon_densirostris","Conf3.1","cathemeral"
"Mesoplodon densirostris","Odontoceti","Cathemeral","cathemeral","cathemeral","4,4,3,4,3,3","Mesoplodon_densirostris","Conf3.2","cathemeral"
"Mesoplodon densirostris","Odontoceti","Cathemeral","cathemeral","cathemeral","4,4,3,4,3,3","Mesoplodon_densirostris","Conf3.3","cathemeral"
"Mesoplodon densirostris","Odontoceti","Cathemeral","cathemeral","cathemeral","4,4,3,4,3,3","Mesoplodon_densirostris","Conf4.1","cathemeral"
"Mesoplodon densirostris","Odontoceti","Cathemeral","cathemeral","cathemeral","4,4,3,4,3,3","Mesoplodon_densirostris","Conf4.2","cathemeral"
"Mesoplodon densirostris","Odontoceti","Cathemeral","cathemeral","cathemeral","4,4,3,4,3,3","Mesoplodon_densirostris","Conf4.3","cathemeral"
"Mesoplodon europaeus","Odontoceti","Cathemeral","cathemeral","","3,3","Mesoplodon_europaeus","Conf3.1","cathemeral"
"Mesoplodon europaeus","Odontoceti","Cathemeral","cathemeral","","3,3","Mesoplodon_europaeus","Conf3.2","nocturnal/cathemeral"
"Mesoplodon ginkgodens","Odontoceti","Nocturnal","nocturnal","nocturnal","3, 3","Mesoplodon_ginkgodens","Conf3.1","nocturnal"
"Mesoplodon ginkgodens","Odontoceti","Nocturnal","nocturnal","nocturnal","3, 3","Mesoplodon_ginkgodens","Conf3.2","nocturnal"
"Mesoplodon hotaula","Odontoceti","Diurnal","diurnal","diurnal","3","Mesoplodon_hotaula","Conf3.1","diurnal"
"Mesoplodon mirus","Odontoceti","Diurnal/crepuscular","crepuscular","diurnal/crepuscular","3","Mesoplodon_mirus","Conf3.1","diurnal/crepuscular"
"Mesoplodon stejnegeri","Odontoceti","Cathemeral","cathemeral","cathemeral","3,3","Mesoplodon_stejnegeri","Conf3.1","cathemeral"
"Mesoplodon stejnegeri","Odontoceti","Cathemeral","cathemeral","cathemeral","3,3","Mesoplodon_stejnegeri","Conf3.2","cathemeral"
"Monodon monoceros","Odontoceti","Cathemeral","cathemeral","","4,4,4,4,3,4,4","Monodon_monoceros","Conf3.1","diurnal/crepuscular"
"Monodon monoceros","Odontoceti","Cathemeral","cathemeral","","4,4,4,4,3,4,4","Monodon_monoceros","Conf4.1","cathemeral"
"Monodon monoceros","Odontoceti","Cathemeral","cathemeral","","4,4,4,4,3,4,4","Monodon_monoceros","Conf4.2","cathemeral"
"Monodon monoceros","Odontoceti","Cathemeral","cathemeral","","4,4,4,4,3,4,4","Monodon_monoceros","Conf4.3","cathemeral"
"Monodon monoceros","Odontoceti","Cathemeral","cathemeral","","4,4,4,4,3,4,4","Monodon_monoceros","Conf4.4","nocturnal/crepuscular"
"Monodon monoceros","Odontoceti","Cathemeral","cathemeral","","4,4,4,4,3,4,4","Monodon_monoceros","Conf4.5","cathemeral"
"Neophocaena asiaeorientalis","Odontoceti","Nocturnal/crepuscular","crepuscular","","3,3,5,2,3,4","Neophocaena_asiaeorientalis","Conf3.1","nocturnal/crepuscular"
"Neophocaena asiaeorientalis","Odontoceti","Nocturnal/crepuscular","crepuscular","","3,3,5,2,3,4","Neophocaena_asiaeorientalis","Conf3.2","nocturnal/crepuscular"
"Neophocaena asiaeorientalis","Odontoceti","Nocturnal/crepuscular","crepuscular","","3,3,5,2,3,4","Neophocaena_asiaeorientalis","Conf3.3","nocturnal"
"Neophocaena asiaeorientalis","Odontoceti","Nocturnal/crepuscular","crepuscular","","3,3,5,2,3,4","Neophocaena_asiaeorientalis","Conf5.1","diurnal/cathemeral"
"Neophocaena phocaenoides","Odontoceti","Nocturnal","nocturnal","","3,3,3","Neophocaena_phocaenoides","Conf3.1","nocturnal/crepuscular"
"Neophocaena phocaenoides","Odontoceti","Nocturnal","nocturnal","","3,3,3","Neophocaena_phocaenoides","Conf3.2","nocturnal"
"Neophocaena phocaenoides","Odontoceti","Nocturnal","nocturnal","","3,3,3","Neophocaena_phocaenoides","Conf3ByS.1","nocturnal/cathemeral"
"Neophocaena sunameri","Odontoceti","Diurnal","diurnal","diurnal","3,3,3","Neophocaena_sunameri","Conf3.1","diurnal/cathemeral"
"Neophocaena sunameri","Odontoceti","Diurnal","diurnal","diurnal","3,3,3","Neophocaena_sunameri","Conf3.2","diurnal"
"Neophocaena sunameri","Odontoceti","Diurnal","diurnal","diurnal","3,3,3","Neophocaena_sunameri","Conf3ByS.1","diurnal"
"Orcaella brevirostris","Odontoceti","Cathemeral","cathemeral","","2,2,3,3,2","Orcaella_brevirostris","Conf2.1","unclear/crepuscular"
"Orcaella brevirostris","Odontoceti","Cathemeral","cathemeral","","2,2,3,3,2","Orcaella_brevirostris","Conf2.2","unclear/crepuscular"
"Orcaella brevirostris","Odontoceti","Cathemeral","cathemeral","","2,2,3,3,2","Orcaella_brevirostris","Conf2.3","unclear/crepuscular"
"Orcaella brevirostris","Odontoceti","Cathemeral","cathemeral","","2,2,3,3,2","Orcaella_brevirostris","Conf3.1","cathemeral"
"Orcaella brevirostris","Odontoceti","Cathemeral","cathemeral","","2,2,3,3,2","Orcaella_brevirostris","Conf3.2","cathemeral"
"Orcaella heinsohni","Odontoceti","Nocturnal","nocturnal",NA,"2,2,1,2,2","Orcaella_heinsohni","Conf1.1","nocturnal"
"Orcinus orca","Odontoceti","Diurnal","diurnal","diurnal","4,3,1,4,4,1,4,5,4","Orcinus_orca","Conf1.1","diurnal"
"Orcinus orca","Odontoceti","Diurnal","diurnal","diurnal","4,3,1,4,4,1,4,5,4","Orcinus_orca","Conf1.2","diurnal"
"Orcinus orca","Odontoceti","Diurnal","diurnal","diurnal","4,3,1,4,4,1,4,5,4","Orcinus_orca","Conf3.1","diurnal/cathemeral"
"Orcinus orca","Odontoceti","Diurnal","diurnal","diurnal","4,3,1,4,4,1,4,5,4","Orcinus_orca","Conf4.1","diurnal"
"Orcinus orca","Odontoceti","Diurnal","diurnal","diurnal","4,3,1,4,4,1,4,5,4","Orcinus_orca","Conf4.2","diurnal/cathemeral"
"Orcinus orca","Odontoceti","Diurnal","diurnal","diurnal","4,3,1,4,4,1,4,5,4","Orcinus_orca","Conf4.3","diurnal"
"Orcinus orca","Odontoceti","Diurnal","diurnal","diurnal","4,3,1,4,4,1,4,5,4","Orcinus_orca","Conf4.4","diurnal"
"Orcinus orca","Odontoceti","Diurnal","diurnal","diurnal","4,3,1,4,4,1,4,5,4","Orcinus_orca","Conf4.5","diurnal"
"Orcinus orca","Odontoceti","Diurnal","diurnal","diurnal","4,3,1,4,4,1,4,5,4","Orcinus_orca","Conf5.1","diurnal"
"Peponocephala electra","Odontoceti","Nocturnal","nocturnal","nocturnal","2,3,4, 5","Peponocephala_electra","Conf2.1","nocturnal"
"Peponocephala electra","Odontoceti","Nocturnal","nocturnal","nocturnal","2,3,4, 5","Peponocephala_electra","Conf3.1","nocturnal"
"Peponocephala electra","Odontoceti","Nocturnal","nocturnal","nocturnal","2,3,4, 5","Peponocephala_electra","Conf4.1","nocturnal"
"Peponocephala electra","Odontoceti","Nocturnal","nocturnal","nocturnal","2,3,4, 5","Peponocephala_electra","Conf5.1","diurnal/cathemeral"
"Phocoena phocoena","Odontoceti","Nocturnal/crepuscular","crepuscular","","3,3,4,3,3,4,3,3,4,3,3","Phocoena_phocoena","Conf3.1","nocturnal/crepuscular"
"Phocoena phocoena","Odontoceti","Nocturnal/crepuscular","crepuscular","","3,3,4,3,3,4,3,3,4,3,3","Phocoena_phocoena","Conf3.2","nocturnal"
"Phocoena phocoena","Odontoceti","Nocturnal/crepuscular","crepuscular","","3,3,4,3,3,4,3,3,4,3,3","Phocoena_phocoena","Conf3.3","cathemeral"
"Phocoena phocoena","Odontoceti","Nocturnal/crepuscular","crepuscular","","3,3,4,3,3,4,3,3,4,3,3","Phocoena_phocoena","Conf3.4","cathemeral"
"Phocoena phocoena","Odontoceti","Nocturnal/crepuscular","crepuscular","","3,3,4,3,3,4,3,3,4,3,3","Phocoena_phocoena","Conf3.5","nocturnal"
"Phocoena phocoena","Odontoceti","Nocturnal/crepuscular","crepuscular","","3,3,4,3,3,4,3,3,4,3,3","Phocoena_phocoena","Conf3.6","nocturnal"
"Phocoena phocoena","Odontoceti","Nocturnal/crepuscular","crepuscular","","3,3,4,3,3,4,3,3,4,3,3","Phocoena_phocoena","Conf3.7","nocturnal/crepuscular"
"Phocoena phocoena","Odontoceti","Nocturnal/crepuscular","crepuscular","","3,3,4,3,3,4,3,3,4,3,3","Phocoena_phocoena","Conf3.8","cathemeral"
"Phocoena phocoena","Odontoceti","Nocturnal/crepuscular","crepuscular","","3,3,4,3,3,4,3,3,4,3,3","Phocoena_phocoena","Conf4.1","diurnal/cathemeral"
"Phocoena phocoena","Odontoceti","Nocturnal/crepuscular","crepuscular","","3,3,4,3,3,4,3,3,4,3,3","Phocoena_phocoena","Conf4.2","nocturnal/crepuscular"
"Phocoena phocoena","Odontoceti","Nocturnal/crepuscular","crepuscular","","3,3,4,3,3,4,3,3,4,3,3","Phocoena_phocoena","Conf4.3","nocturnal"
"Phocoena sinus","Odontoceti","Nocturnal/crepuscular","crepuscular","cathemeral/crepuscular","3","Phocoena_sinus","Conf3.1","cathemeral/crepuscular"
"Phocoena spinipinnis","Odontoceti","Cathemeral","cathemeral",NA,"2,2,1,2,2,0.5","Phocoena_spinipinnis","Conf1.1","nocturnal"
"Phocoena spinipinnis","Odontoceti","Cathemeral","cathemeral",NA,"2,2,1,2,2,0.5","Phocoena_spinipinnis","Conf2.1","unclear/diurnal"
"Phocoena spinipinnis","Odontoceti","Cathemeral","cathemeral",NA,"2,2,1,2,2,0.5","Phocoena_spinipinnis","Conf2.2","diurnal"
"Phocoena spinipinnis","Odontoceti","Cathemeral","cathemeral",NA,"2,2,1,2,2,0.5","Phocoena_spinipinnis","Conf2N.1","unclear/nocturnal"
"Phocoenoides dalli","Odontoceti","Nocturnal/crepuscular","crepuscular","cathemeral/crepuscular","2,3,3","Phocoenoides_dalli","Conf2.1","unclear/crepuscular"
"Phocoenoides dalli","Odontoceti","Nocturnal/crepuscular","crepuscular","cathemeral/crepuscular","2,3,3","Phocoenoides_dalli","Conf3ByS.1","cathemeral/crepuscular"
"Phocoenoides dalli","Odontoceti","Nocturnal/crepuscular","crepuscular","cathemeral/crepuscular","2,3,3","Phocoenoides_dalli","Conf3ByS.2","diurnal/crepuscular"
"Physeter macrocephalus","Odontoceti","Cathemeral","cathemeral","","3,4,3,4,4,3,3,3,3,3,4,3,4","Physeter_macrocephalus","Conf3.1","nocturnal/crepuscular"
"Physeter macrocephalus","Odontoceti","Cathemeral","cathemeral","","3,4,3,4,4,3,3,3,3,3,4,3,4","Physeter_macrocephalus","Conf3.2","nocturnal"
"Physeter macrocephalus","Odontoceti","Cathemeral","cathemeral","","3,4,3,4,4,3,3,3,3,3,4,3,4","Physeter_macrocephalus","Conf3.3","cathemeral"
"Physeter macrocephalus","Odontoceti","Cathemeral","cathemeral","","3,4,3,4,4,3,3,3,3,3,4,3,4","Physeter_macrocephalus","Conf3.4","diurnal"
"Physeter macrocephalus","Odontoceti","Cathemeral","cathemeral","","3,4,3,4,4,3,3,3,3,3,4,3,4","Physeter_macrocephalus","Conf3.5","nocturnal"
"Physeter macrocephalus","Odontoceti","Cathemeral","cathemeral","","3,4,3,4,4,3,3,3,3,3,4,3,4","Physeter_macrocephalus","Conf3.6","cathemeral"
"Physeter macrocephalus","Odontoceti","Cathemeral","cathemeral","","3,4,3,4,4,3,3,3,3,3,4,3,4","Physeter_macrocephalus","Conf3.7","nocturnal/crepuscular"
"Physeter macrocephalus","Odontoceti","Cathemeral","cathemeral","","3,4,3,4,4,3,3,3,3,3,4,3,4","Physeter_macrocephalus","Conf3.8","cathemeral"
"Physeter macrocephalus","Odontoceti","Cathemeral","cathemeral","","3,4,3,4,4,3,3,3,3,3,4,3,4","Physeter_macrocephalus","Conf4.1","diurnal/cathemeral"
"Physeter macrocephalus","Odontoceti","Cathemeral","cathemeral","","3,4,3,4,4,3,3,3,3,3,4,3,4","Physeter_macrocephalus","Conf4.2","cathemeral"
"Physeter macrocephalus","Odontoceti","Cathemeral","cathemeral","","3,4,3,4,4,3,3,3,3,3,4,3,4","Physeter_macrocephalus","Conf4.3","nocturnal"
"Physeter macrocephalus","Odontoceti","Cathemeral","cathemeral","","3,4,3,4,4,3,3,3,3,3,4,3,4","Physeter_macrocephalus","Conf4.4","cathemeral"
"Physeter macrocephalus","Odontoceti","Cathemeral","cathemeral","","3,4,3,4,4,3,3,3,3,3,4,3,4","Physeter_macrocephalus","Conf4.5","diurnal"
"Platanista gangetica","Odontoceti","Nocturnal/crepuscular","crepuscular","","3,3,2,3","Platanista_gangetica","Conf2.1","unclear/crepuscular"
"Platanista gangetica","Odontoceti","Nocturnal/crepuscular","crepuscular","","3,3,2,3","Platanista_gangetica","Conf3.1","cathemeral/crepuscular"
"Platanista gangetica","Odontoceti","Nocturnal/crepuscular","crepuscular","","3,3,2,3","Platanista_gangetica","Conf3.2","nocturnal"
"Platanista gangetica","Odontoceti","Nocturnal/crepuscular","crepuscular","","3,3,2,3","Platanista_gangetica","Conf3.3","nocturnal/crepuscular"
"Platanista minor","Odontoceti","Nocturnal/crepuscular","crepuscular","","3, 1","Platanista_minor","Conf1.1","nocturnal"
"Platanista minor","Odontoceti","Nocturnal/crepuscular","crepuscular","","3, 1","Platanista_minor","Conf3.1","nocturnal/crepuscular"
"Pontoporia blainvillei","Odontoceti","Nocturnal/crepuscular","crepuscular","","3,3,1,3,3","Pontoporia_blainvillei","Conf1.1","nocturnal"
"Pontoporia blainvillei","Odontoceti","Nocturnal/crepuscular","crepuscular","","3,3,1,3,3","Pontoporia_blainvillei","Conf3.1","nocturnal"
"Pontoporia blainvillei","Odontoceti","Nocturnal/crepuscular","crepuscular","","3,3,1,3,3","Pontoporia_blainvillei","Conf3.2","cathemeral"
"Pontoporia blainvillei","Odontoceti","Nocturnal/crepuscular","crepuscular","","3,3,1,3,3","Pontoporia_blainvillei","Conf3.3","nocturnal/crepuscular"
"Pontoporia blainvillei","Odontoceti","Nocturnal/crepuscular","crepuscular","","3,3,1,3,3","Pontoporia_blainvillei","Conf3.4","nocturnal/cathemeral"
"Pseudorca crassidens","Odontoceti","Diurnal","diurnal","diurnal","5,4, 4, 4","Pseudorca_crassidens","Conf4.1","diurnal"
"Pseudorca crassidens","Odontoceti","Diurnal","diurnal","diurnal","5,4, 4, 4","Pseudorca_crassidens","Conf4.2","diurnal"
"Pseudorca crassidens","Odontoceti","Diurnal","diurnal","diurnal","5,4, 4, 4","Pseudorca_crassidens","Conf4.3","diurnal"
"Pseudorca crassidens","Odontoceti","Diurnal","diurnal","diurnal","5,4, 4, 4","Pseudorca_crassidens","Conf5.1","diurnal"
"Sotalia fluviatilis","Odontoceti","Cathemeral","cathemeral","","3,2,2,3","Sotalia_fluviatilis","Conf2.1","unclear/crepuscular"
"Sotalia fluviatilis","Odontoceti","Cathemeral","cathemeral","","3,2,2,3","Sotalia_fluviatilis","Conf3.1","diurnal"
"Sotalia fluviatilis","Odontoceti","Cathemeral","cathemeral","","3,2,2,3","Sotalia_fluviatilis","Conf3.2","cathemeral"
"Sotalia guianensis","Odontoceti","Cathemeral","cathemeral","","3,2,2,2,2","Sotalia_guianensis","Conf2.1","unclear/crepuscular"
"Sotalia guianensis","Odontoceti","Cathemeral","cathemeral","","3,2,2,2,2","Sotalia_guianensis","Conf2.2","unclear/crepuscular"
"Sotalia guianensis","Odontoceti","Cathemeral","cathemeral","","3,2,2,2,2","Sotalia_guianensis","Conf2N.1","unclear/nocturnal"
"Sotalia guianensis","Odontoceti","Cathemeral","cathemeral","","3,2,2,2,2","Sotalia_guianensis","Conf3.1","cathemeral"
"Sousa chinensis","Odontoceti","Nocturnal/crepuscular","crepuscular","","3,3,3,3,2,3","Sousa_chinensis","Conf3.1","nocturnal"
"Sousa chinensis","Odontoceti","Nocturnal/crepuscular","crepuscular","","3,3,3,3,2,3","Sousa_chinensis","Conf3.2","nocturnal"
"Sousa chinensis","Odontoceti","Nocturnal/crepuscular","crepuscular","","3,3,3,3,2,3","Sousa_chinensis","Conf3.3","nocturnal/crepuscular"
"Sousa chinensis","Odontoceti","Nocturnal/crepuscular","crepuscular","","3,3,3,3,2,3","Sousa_chinensis","Conf3.4","cathemeral"
"Sousa chinensis","Odontoceti","Nocturnal/crepuscular","crepuscular","","3,3,3,3,2,3","Sousa_chinensis","Conf3.5","nocturnal"
"Sousa chinensis","Odontoceti","Nocturnal/crepuscular","crepuscular","","3,3,3,3,2,3","Sousa_chinensis","Conf3.6","nocturnal"
"Sousa plumbea","Odontoceti","Nocturnal/crepuscular","crepuscular","","3,3,2","Sousa_plumbea","Conf2.1","unclear/crepuscular"
"Sousa plumbea","Odontoceti","Nocturnal/crepuscular","crepuscular","","3,3,2","Sousa_plumbea","Conf3.1","nocturnal"
"Sousa plumbea","Odontoceti","Nocturnal/crepuscular","crepuscular","","3,3,2","Sousa_plumbea","Conf3.2","nocturnal/crepuscular"
"Sousa teuszii","Odontoceti","Nocturnal","nocturnal","nocturnal","2,3,2","Sousa_teuszii","Conf3.1","nocturnal"
"Stenella attenuata","Odontoceti","Nocturnal/crepuscular","crepuscular","nocturnal","2,4,4,4,3","Stenella_attenuata","Conf3.1","nocturnal"
"Stenella attenuata","Odontoceti","Nocturnal/crepuscular","crepuscular","nocturnal","2,4,4,4,3","Stenella_attenuata","Conf4.1","nocturnal"
"Stenella attenuata","Odontoceti","Nocturnal/crepuscular","crepuscular","nocturnal","2,4,4,4,3","Stenella_attenuata","Conf4.2","nocturnal"
"Stenella attenuata","Odontoceti","Nocturnal/crepuscular","crepuscular","nocturnal","2,4,4,4,3","Stenella_attenuata","Conf4.3","nocturnal/crepuscular"
"Stenella clymene","Odontoceti","Nocturnal","nocturnal",NA,"1,1,2,1","Stenella_clymene","Conf1.1","nocturnal"
"Stenella clymene","Odontoceti","Nocturnal","nocturnal",NA,"1,1,2,1","Stenella_clymene","Conf1.2","diurnal"
"Stenella clymene","Odontoceti","Nocturnal","nocturnal",NA,"1,1,2,1","Stenella_clymene","Conf1.3","nocturnal"
"Stenella coeruleoalba","Odontoceti","Nocturnal","nocturnal","nocturnal","2,3,3,3,1","Stenella_coeruleoalba","Conf1.1","nocturnal"
"Stenella coeruleoalba","Odontoceti","Nocturnal","nocturnal","nocturnal","2,3,3,3,1","Stenella_coeruleoalba","Conf3.1","nocturnal"
"Stenella coeruleoalba","Odontoceti","Nocturnal","nocturnal","nocturnal","2,3,3,3,1","Stenella_coeruleoalba","Conf3.2","nocturnal"
"Stenella coeruleoalba","Odontoceti","Nocturnal","nocturnal","nocturnal","2,3,3,3,1","Stenella_coeruleoalba","Conf3.3","nocturnal"
"Stenella frontalis","Odontoceti","Nocturnal","nocturnal","nocturnal","2,2,3","Stenella_frontalis","Conf2.1","nocturnal"
"Stenella frontalis","Odontoceti","Nocturnal","nocturnal","nocturnal","2,2,3","Stenella_frontalis","Conf2.2","diurnal"
"Stenella frontalis","Odontoceti","Nocturnal","nocturnal","nocturnal","2,2,3","Stenella_frontalis","Conf3.1","nocturnal"
"Stenella longirostris","Odontoceti","Nocturnal","nocturnal","","4,2,2,4 2,3,3,2","Stenella_longirostris","Conf2.2","nocturnal/cathemeral"
"Stenella longirostris","Odontoceti","Nocturnal","nocturnal","","4,2,2,4 2,3,3,2","Stenella_longirostris","Conf2.3","nocturnal"
"Stenella longirostris","Odontoceti","Nocturnal","nocturnal","","4,2,2,4 2,3,3,2","Stenella_longirostris","Conf2N.1","nocturnal"
"Stenella longirostris","Odontoceti","Nocturnal","nocturnal","","4,2,2,4 2,3,3,2","Stenella_longirostris","Conf3.1","nocturnal/crepuscular"
"Stenella longirostris","Odontoceti","Nocturnal","nocturnal","","4,2,2,4 2,3,3,2","Stenella_longirostris","Conf3.2","nocturnal"
"Stenella longirostris","Odontoceti","Nocturnal","nocturnal","","4,2,2,4 2,3,3,2","Stenella_longirostris","Conf4.1","nocturnal"
"Stenella longirostris","Odontoceti","Nocturnal","nocturnal","","4,2,2,4 2,3,3,2","Stenella_longirostris","Conf4.2","nocturnal"
"Steno bredanensis","Odontoceti","Nocturnal/crepuscular","crepuscular","nocturnal/crepuscular","4,2,2,4 ","Steno_bredanensis","Conf2.1","unclear/nocturnal"
"Steno bredanensis","Odontoceti","Nocturnal/crepuscular","crepuscular","nocturnal/crepuscular","4,2,2,4 ","Steno_bredanensis","Conf2.2","unclear/nocturnal"
"Steno bredanensis","Odontoceti","Nocturnal/crepuscular","crepuscular","nocturnal/crepuscular","4,2,2,4 ","Steno_bredanensis","Conf4.1","nocturnal/crepuscular"
"Steno bredanensis","Odontoceti","Nocturnal/crepuscular","crepuscular","nocturnal/crepuscular","4,2,2,4 ","Steno_bredanensis","Conf4.2","nocturnal/crepuscular"
"Tursiops aduncus","Odontoceti","Diurnal/crepuscular","crepuscular","","5,3,3,2,2,4,2,1,1,2","Tursiops_aduncus","Conf1.1","diurnal"
"Tursiops aduncus","Odontoceti","Diurnal/crepuscular","crepuscular","","5,3,3,2,2,4,2,1,1,2","Tursiops_aduncus","Conf1.2","diurnal"
"Tursiops aduncus","Odontoceti","Diurnal/crepuscular","crepuscular","","5,3,3,2,2,4,2,1,1,2","Tursiops_aduncus","Conf2.1","unclear/crepuscular"
"Tursiops aduncus","Odontoceti","Diurnal/crepuscular","crepuscular","","5,3,3,2,2,4,2,1,1,2","Tursiops_aduncus","Conf2.2","unclear/crepuscular"
"Tursiops aduncus","Odontoceti","Diurnal/crepuscular","crepuscular","","5,3,3,2,2,4,2,1,1,2","Tursiops_aduncus","Conf2.3","unclear/crepuscular"
"Tursiops aduncus","Odontoceti","Diurnal/crepuscular","crepuscular","","5,3,3,2,2,4,2,1,1,2","Tursiops_aduncus","Conf2.5","unclear/crepuscular"
"Tursiops aduncus","Odontoceti","Diurnal/crepuscular","crepuscular","","5,3,3,2,2,4,2,1,1,2","Tursiops_aduncus","Conf3.1","nocturnal"
"Tursiops aduncus","Odontoceti","Diurnal/crepuscular","crepuscular","","5,3,3,2,2,4,2,1,1,2","Tursiops_aduncus","Conf3ByS.1","nocturnal/crepuscular"
"Tursiops aduncus","Odontoceti","Diurnal/crepuscular","crepuscular","","5,3,3,2,2,4,2,1,1,2","Tursiops_aduncus","Conf4.1","nocturnal"
"Tursiops aduncus","Odontoceti","Diurnal/crepuscular","crepuscular","","5,3,3,2,2,4,2,1,1,2","Tursiops_aduncus","Conf5.1","diurnal"
"Tursiops truncatus","Odontoceti","Diurnal/crepuscular","crepuscular","","5,5,5,5,5,4,4,4,3,3,4,3,2,2","Tursiops_truncatus","Conf2.1","unclear/crepuscular"
"Tursiops truncatus","Odontoceti","Diurnal/crepuscular","crepuscular","","5,5,5,5,5,4,4,4,3,3,4,3,2,2","Tursiops_truncatus","Conf2.2","unclear/nocturnal"
"Tursiops truncatus","Odontoceti","Diurnal/crepuscular","crepuscular","","5,5,5,5,5,4,4,4,3,3,4,3,2,2","Tursiops_truncatus","Conf2.3","unclear/crepuscular"
"Tursiops truncatus","Odontoceti","Diurnal/crepuscular","crepuscular","","5,5,5,5,5,4,4,4,3,3,4,3,2,2","Tursiops_truncatus","Conf3.1","nocturnal/crepuscular"
"Tursiops truncatus","Odontoceti","Diurnal/crepuscular","crepuscular","","5,5,5,5,5,4,4,4,3,3,4,3,2,2","Tursiops_truncatus","Conf3.2","diurnal"
"Tursiops truncatus","Odontoceti","Diurnal/crepuscular","crepuscular","","5,5,5,5,5,4,4,4,3,3,4,3,2,2","Tursiops_truncatus","Conf3.3","cathemeral"
"Tursiops truncatus","Odontoceti","Diurnal/crepuscular","crepuscular","","5,5,5,5,5,4,4,4,3,3,4,3,2,2","Tursiops_truncatus","Conf3.4","cathemeral"
"Tursiops truncatus","Odontoceti","Diurnal/crepuscular","crepuscular","","5,5,5,5,5,4,4,4,3,3,4,3,2,2","Tursiops_truncatus","Conf3.5","cathemeral/crepuscular"
"Tursiops truncatus","Odontoceti","Diurnal/crepuscular","crepuscular","","5,5,5,5,5,4,4,4,3,3,4,3,2,2","Tursiops_truncatus","Conf3.6","diurnal/crepuscular"
"Tursiops truncatus","Odontoceti","Diurnal/crepuscular","crepuscular","","5,5,5,5,5,4,4,4,3,3,4,3,2,2","Tursiops_truncatus","Conf4.1","cathemeral/crepuscular"
"Tursiops truncatus","Odontoceti","Diurnal/crepuscular","crepuscular","","5,5,5,5,5,4,4,4,3,3,4,3,2,2","Tursiops_truncatus","Conf4.2","cathemeral/crepuscular"
"Tursiops truncatus","Odontoceti","Diurnal/crepuscular","crepuscular","","5,5,5,5,5,4,4,4,3,3,4,3,2,2","Tursiops_truncatus","Conf4.3","cathemeral/crepuscular"
"Tursiops truncatus","Odontoceti","Diurnal/crepuscular","crepuscular","","5,5,5,5,5,4,4,4,3,3,4,3,2,2","Tursiops_truncatus","Conf4.4","cathemeral/crepuscular"
"Tursiops truncatus","Odontoceti","Diurnal/crepuscular","crepuscular","","5,5,5,5,5,4,4,4,3,3,4,3,2,2","Tursiops_truncatus","Conf5.1","diurnal"
"Tursiops truncatus","Odontoceti","Diurnal/crepuscular","crepuscular","","5,5,5,5,5,4,4,4,3,3,4,3,2,2","Tursiops_truncatus","Conf5.2","diurnal"
"Tursiops truncatus","Odontoceti","Diurnal/crepuscular","crepuscular","","5,5,5,5,5,4,4,4,3,3,4,3,2,2","Tursiops_truncatus","Conf5.3","diurnal"
"Tursiops truncatus","Odontoceti","Diurnal/crepuscular","crepuscular","","5,5,5,5,5,4,4,4,3,3,4,3,2,2","Tursiops_truncatus","Conf5.4","cathemeral"
"Ziphius cavirostris","Odontoceti","Cathemeral","cathemeral","cathemeral","4,4,4,4,3,3,3,3","Ziphius_cavirostris","Conf3.1","cathemeral"
"Ziphius cavirostris","Odontoceti","Cathemeral","cathemeral","cathemeral","4,4,4,4,3,3,3,3","Ziphius_cavirostris","Conf3.2","cathemeral"
"Ziphius cavirostris","Odontoceti","Cathemeral","cathemeral","cathemeral","4,4,4,4,3,3,3,3","Ziphius_cavirostris","Conf3.3","cathemeral"
"Ziphius cavirostris","Odontoceti","Cathemeral","cathemeral","cathemeral","4,4,4,4,3,3,3,3","Ziphius_cavirostris","Conf3.4","cathemeral"
"Ziphius cavirostris","Odontoceti","Cathemeral","cathemeral","cathemeral","4,4,4,4,3,3,3,3","Ziphius_cavirostris","Conf4.1","cathemeral"
"Ziphius cavirostris","Odontoceti","Cathemeral","cathemeral","cathemeral","4,4,4,4,3,3,3,3","Ziphius_cavirostris","Conf4.2","cathemeral"
"Ziphius cavirostris","Odontoceti","Cathemeral","cathemeral","cathemeral","4,4,4,4,3,3,3,3","Ziphius_cavirostris","Conf4.3","cathemeral"
