"","X","Species_name","Family","Notes","Diel_Pattern_1","Diel_Pattern_2","Diel_Pattern_3","Diel_Pattern_4","AltDiel_Pattern","Confidence","tips"
"1","Addax_nasomaculatus","Addax nasomaculatus","Bovidae","",NA,"cathemeral/crepuscular","crepuscular","cathemeral","",2,"Addax_nasomaculatus"
"2","Aepyceros_melampus","Aepyceros melampus","Bovidae","","diurnal","diurnal/crepuscular","crepuscular","diurnal","",4,"Aepyceros_melampus"
"3","Alcelaphus_buselaphus","Alcelaphus buselaphus","Bovidae","","diurnal","diurnal/crepuscular","crepuscular","diurnal","",4,"Alcelaphus_buselaphus"
"4","Alces_alces","Alces alces","Cervidae","","nocturnal","nocturnal/crepuscular","crepuscular","nocturnal","",3,"Alces_alces"
"5","Ammodorcas_clarkei","Ammodorcas clarkei","Bovidae","","diurnal","diurnal","diurnal","diurnal","",1,"Ammodorcas_clarkei"
"6","Ammotragus_lervia","Ammotragus lervia","Bovidae","","diurnal","diurnal/crepuscular","crepuscular","diurnal","",3,"Ammotragus_lervia"
"7","Antidorcas_marsupialis","Antidorcas marsupialis","Bovidae","",NA,"cathemeral/crepuscular","crepuscular","cathemeral","",4,"Antidorcas_marsupialis"
"8","Antilocapra_americana","Antilocapra americana","Antilocapridae","","diurnal","diurnal","diurnal","diurnal","*Increase in dusk activity in late summer and mid-winter",4,"Antilocapra_americana"
"9","Antilope_cervicapra","Antilope cervicapra","Bovidae","","diurnal","diurnal/crepuscular","crepuscular","diurnal","",4,"Antilope_cervicapra"
"10","Arabitragus_jayakari","Arabitragus jayakari","Bovidae","",NA,"cathemeral/crepuscular","crepuscular","cathemeral","",1,"Arabitragus_jayakari"
"11","Axis_axis","Axis axis","Cervidae","",NA,"cathemeral/crepuscular","crepuscular","cathemeral","Diurnal",3,"Axis_axis"
"12","Axis_calamianensis","Axis calamianensis","Cervidae","Hyelaphus calamianensis",NA,"cathemeral/crepuscular","crepuscular","cathemeral","",1,"Axis_calamianensis"
"13","Axis_kuhlii","Axis kuhlii","Cervidae","Hyelaphus kuhlii",NA,"cathemeral","crepuscular","cathemeral","",3,"Axis_kuhlii"
"14","Axis_porcinus","Axis porcinus","Cervidae","Hyelaphus porcinus",NA,"cathemeral/crepuscular","crepuscular","cathemeral","",4,"Axis_porcinus"
"15","Beatragus_hunteri","Beatragus hunteri","Bovidae","",NA,"cathemeral/crepuscular","crepuscular","cathemeral","",4,"Beatragus_hunteri"
"16","Bison_bison","Bison bison","Bovidae","","diurnal","diurnal/crepuscular","crepuscular","diurnal","*more crepuscular (less diurnal) in the winter",3,"Bison_bison"
"17","Bison_bonasus","Bison bonasus","Bovidae","",NA,"cathemeral","crepuscular","cathemeral","",3,"Bison_bonasus"
"18","Blastocerus_dichotomus","Blastocerus dichotomus","Cervidae","",NA,"cathemeral/crepuscular","crepuscular","cathemeral","",3,"Blastocerus_dichotomus"
"19","Bos_gaurus","Bos gaurus","Bovidae","",NA,"cathemeral/crepuscular","crepuscular","cathemeral","",3,"Bos_gaurus"
"20","Bos_javanicus","Bos javanicus","Bovidae","",NA,"cathemeral/crepuscular","crepuscular","cathemeral","",3,"Bos_javanicus"
"21","Bos_mutus","Bos mutus","Bovidae","","diurnal","diurnal","diurnal","diurnal","",1,"Bos_mutus"
"22","Bos_sauveli","Bos sauveli","Bovidae","Maybe extinct",NA,"cathemeral","crepuscular","cathemeral","",1,"Bos_sauveli"
"23","Boselaphus_tragocamelus","Boselaphus tragocamelus","Bovidae","","nocturnal","nocturnal/crepuscular","crepuscular","nocturnal","",3,"Boselaphus_tragocamelus"
"24","Bubalis_bubalis","Bubalis bubalis","Bovidae","",NA,"cathemeral","crepuscular","cathemeral","",3,"Bubalis_bubalis"
"25","Bubalus_arnee","Bubalus arnee","Bovidae","",NA,"cathemeral","crepuscular","cathemeral","*more nocturnal in areas inhabited by humans",2,"Bubalus_arnee"
"26","Bubalus_depressicornis","Bubalus depressicornis","Bovidae","","nocturnal","nocturnal/crepuscular","crepuscular","nocturnal","",1,"Bubalus_depressicornis"
"27","Bubalus_mindorensis","Bubalus mindorensis","Bovidae","","diurnal","diurnal/crepuscular","crepuscular","diurnal","",5,"Bubalus_mindorensis"
"28","Bubalus_quarlesi","Bubalus quarlesi","Bovidae","",NA,"cathemeral/crepuscular","crepuscular","cathemeral","",1,"Bubalus_quarlesi"
"29","Budorcas_taxicolor","Budorcas taxicolor","Bovidae","","diurnal","diurnal/crepuscular","crepuscular","diurnal","",3,"Budorcas_taxicolor"
"30","Capra_aegagrus","Capra aegagrus","Bovidae","Capra aegagrus hircus (domesticated version)","diurnal","diurnal","diurnal","diurnal","",3,"Capra_aegagrus"
"31","Capra_caucasica","Capra caucasica","Bovidae","",NA,"cathemeral","crepuscular","cathemeral","",1,"Capra_caucasica"
"32","Capra_cylindricornis","Capra cylindricornis","Bovidae","",NA,"cathemeral","crepuscular","cathemeral","*more nocturnal in summer",1,"Capra_cylindricornis"
"33","Capra_falconeri","Capra falconeri","Bovidae","","diurnal","diurnal/crepuscular","crepuscular","diurnal","",2,"Capra_falconeri"
"34","Capra_ibex","Capra ibex","Bovidae","",NA,"cathemeral/crepuscular","crepuscular","cathemeral","",2,"Capra_ibex"
"35","Capra_nubiana","Capra nubiana","Bovidae","",NA,"cathemeral/crepuscular","crepuscular","cathemeral","*more diurnal in winter",3,"Capra_nubiana"
"36","Capra_pyrenaica","Capra pyrenaica","Bovidae","",NA,"cathemeral/crepuscular","crepuscular","cathemeral","",2,"Capra_pyrenaica"
"37","Capra_sibirica","Capra sibirica","Bovidae","","diurnal","diurnal/crepuscular","crepuscular","diurnal","*diurnal in winter, diurnal/crepuscular in summer",3,"Capra_sibirica"
"38","Capra_walie","Capra walie","Bovidae","",NA,"cathemeral/crepuscular","crepuscular","cathemeral","",2,"Capra_walie"
"39","Capreolus_capreolus","Capreolus capreolus","Cervidae","",NA,"cathemeral/crepuscular","crepuscular","cathemeral","",4,"Capreolus_capreolus"
"40","Capreolus_pygargus","Capreolus pygargus","Cervidae","","nocturnal","nocturnal/crepuscular","crepuscular","nocturnal","*more nocturnal in summer, more crepuscular in all other seasons",3,"Capreolus_pygargus"
"41","Capricornis_crispus","Capricornis crispus","Bovidae","",NA,"cathemeral","crepuscular","cathemeral","",3,"Capricornis_crispus"
"42","Capricornis_rubidus","Capricornis rubidus","Bovidae","",NA,"cathemeral","crepuscular","cathemeral","",3,"Capricornis_rubidus"
"43","Capricornis_sumatraensis","Capricornis sumatraensis","Bovidae","",NA,"cathemeral","crepuscular","cathemeral","",4,"Capricornis_sumatraensis"
"44","Capricornis_swinhoei","Capricornis swinhoei","Bovidae","",NA,"cathemeral/crepuscular","crepuscular","cathemeral","",1,"Capricornis_swinhoei"
"45","Capricornis_thar","Capricornis thar","Bovidae","",NA,"cathemeral/crepuscular","crepuscular","cathemeral","",3,"Capricornis_thar"
"46","Cephalophus_adersi","Cephalophus adersi","Bovidae","","diurnal","diurnal/crepuscular","crepuscular","diurnal","",3,"Cephalophus_adersi"
"47","Cephalophus_callipygus","Cephalophus callipygus","Bovidae","","diurnal","diurnal/crepuscular","crepuscular","diurnal","",3,"Cephalophus_callipygus"
"48","Cephalophus_dorsalis","Cephalophus dorsalis","Bovidae","","nocturnal","nocturnal","nocturnal","nocturnal","",3,"Cephalophus_dorsalis"
"49","Cephalophus_harveyi","Cephalophus harveyi","Bovidae","","diurnal","diurnal/crepuscular","crepuscular","diurnal","",3,"Cephalophus_harveyi"
"50","Cephalophus_jentinki","Cephalophus jentinki","Bovidae","","nocturnal","nocturnal/crepuscular","crepuscular","nocturnal","",4,"Cephalophus_jentinki"
"51","Cephalophus_leucogaster","Cephalophus leucogaster","Bovidae","","diurnal","diurnal","diurnal","diurnal","",3,"Cephalophus_leucogaster"
"52","Cephalophus_natalensis","Cephalophus natalensis","Bovidae","",NA,"cathemeral/crepuscular","crepuscular","cathemeral","",4,"Cephalophus_natalensis"
"53","Cephalophus_niger","Cephalophus niger","Bovidae","","diurnal","diurnal/crepuscular","crepuscular","diurnal","",4,"Cephalophus_niger"
"54","Cephalophus_nigrifrons","Cephalophus nigrifrons","Bovidae","","diurnal","diurnal/crepuscular","crepuscular","diurnal","",3,"Cephalophus_nigrifrons"
"55","Cephalophus_ogilbyi","Cephalophus ogilbyi","Bovidae","subspecies crusalbum and brookei","diurnal","diurnal","diurnal","diurnal","",3,"Cephalophus_ogilbyi"
"56","Cephalophus_rufilatus","Cephalophus rufilatus","Bovidae","","diurnal","diurnal/crepuscular","crepuscular","diurnal","",3,"Cephalophus_rufilatus"
"57","Cephalophus_silvicultor","Cephalophus silvicultor","Bovidae","","nocturnal","nocturnal/crepuscular","crepuscular","nocturnal","",3,"Cephalophus_silvicultor"
"58","Cephalophus_spadix","Cephalophus spadix","Bovidae","","nocturnal","nocturnal","nocturnal","nocturnal","",3,"Cephalophus_spadix"
"59","Cephalophus_weynsi","Cephalophus weynsi","Bovidae","","diurnal","diurnal","diurnal","diurnal","",3,"Cephalophus_weynsi"
"60","Cephalophus_zebra","Cephalophus zebra","Bovidae","","diurnal","diurnal/crepuscular","crepuscular","diurnal","",4,"Cephalophus_zebra"
"61","Cervus_albirostris","Cervus albirostris","Cervidae","",NA,"cathemeral/crepuscular","crepuscular","cathemeral","",3,"Cervus_albirostris"
"62","Cervus_canadensis","Cervus canadensis","Cervidae","",NA,"cathemeral/crepuscular","crepuscular","cathemeral","",4,"Cervus_canadensis"
"63","Cervus_elaphus","Cervus elaphus","Cervidae","",NA,"cathemeral/crepuscular","crepuscular","cathemeral","Nocturnal in europe, diurnal in Canda (from same source 1)",4,"Cervus_elaphus"
"64","Cervus_nippon","Cervus nippon","Cervidae","",NA,"cathemeral/crepuscular","crepuscular","cathemeral","*deer adjust to activity to be more diurnal or nocturnal in response to culling (source 2)",3,"Cervus_nippon"
"65","Connochaetes_gnou","Connochaetes gnou","Bovidae","","diurnal","diurnal/crepuscular","crepuscular","diurnal","",4,"Connochaetes_gnou"
"66","Connochaetes_taurinus","Connochaetes taurinus","Bovidae","","diurnal","diurnal/crepuscular","crepuscular","diurnal","",5,"Connochaetes_taurinus"
"67","Dama_dama","Dama dama","Cervidae","","diurnal","diurnal/crepuscular","crepuscular","diurnal","",3,"Dama_dama"
"68","Dama_mesopotamica","Dama mesopotamica","Cervidae","","nocturnal","nocturnal/crepuscular","crepuscular","nocturnal","",1,"Dama_mesopotamica"
"69","Damaliscus_lunatus","Damaliscus lunatus","Bovidae","","diurnal","diurnal/crepuscular","crepuscular","diurnal","",2,"Damaliscus_lunatus"
"70","Damaliscus_pygargus","Damaliscus pygargus","Bovidae","*subsps phillipsi","diurnal","diurnal/crepuscular","crepuscular","diurnal","",2,"Damaliscus_pygargus"
"71","Dorcatragus_megalotis","Dorcatragus megalotis","Bovidae","","diurnal","diurnal/crepuscular","crepuscular","diurnal","*become more crepuscular in the summer months, more diurnal during the winter/fall/spring",2,"Dorcatragus_megalotis"
"72","Elaphodus_cephalophus","Elaphodus cephalophus","Cervidae","",NA,"cathemeral/crepuscular","crepuscular","cathemeral","",3,"Elaphodus_cephalophus"
"73","Elaphurus_davidianus","Elaphurus davidianus","Cervidae","","diurnal","diurnal/crepuscular","crepuscular","diurnal","",2,"Elaphurus_davidianus"
"74","Eudorcas_albonotata","Eudorcas albonotata","Bovidae","*subsps of thomsonii, no info","diurnal","diurnal/crepuscular","crepuscular","diurnal","",3,"Eudorcas_albonotata"
"75","Eudorcas_rufifrons","Eudorcas rufifrons","Bovidae","",NA,"cathemeral/crepuscular","crepuscular","cathemeral","",3,"Eudorcas_rufifrons"
"76","Eudorcas_thomsonii","Eudorcas thomsonii","Bovidae","","diurnal","diurnal/crepuscular","crepuscular","diurnal","",3,"Eudorcas_thomsonii"
"77","Gazella_bennettii","Gazella bennettii","Bovidae","","nocturnal","nocturnal/crepuscular","crepuscular","nocturnal","",2,"Gazella_bennettii"
"78","Gazella_cuvieri","Gazella cuvieri","Bovidae","","diurnal","diurnal/crepuscular","crepuscular","diurnal","",1,"Gazella_cuvieri"
"79","Gazella_dorcas","Gazella dorcas","Bovidae","","diurnal","diurnal/crepuscular","crepuscular","diurnal","*switches seasonally from being more diurnal in the winter to more crepuscular in the spring",4,"Gazella_dorcas"
"80","Gazella_gazella","Gazella gazella","Bovidae","",NA,"cathemeral/crepuscular","crepuscular","cathemeral","",3,"Gazella_gazella"
"81","Gazella_leptoceros","Gazella leptoceros","Bovidae","",NA,"cathemeral","crepuscular","cathemeral","*more diurnal in winter, more nocturnal in summer",3,"Gazella_leptoceros"
"82","Gazella_marica","Gazella marica","Bovidae","","nocturnal","nocturnal/crepuscular","crepuscular","nocturnal","*more crepuscular in warm wet period, more nocturnal in hot dry period",4,"Gazella_marica"
"83","Gazella_spekei","Gazella spekei","Bovidae","",NA,"cathemeral/crepuscular","crepuscular","cathemeral","",1,"Gazella_spekei"
"84","Gazella_subgutturosa","Gazella subgutturosa","Bovidae","",NA,"cathemeral/crepuscular","crepuscular","cathemeral","*become more diurnal in the cold season",2,"Gazella_subgutturosa"
"85","Giraffa_camelopardalis","Giraffa camelopardalis","Giraffidae","",NA,"cathemeral/crepuscular","crepuscular","cathemeral","",3,"Giraffa_camelopardalis"
"86","Hemitragus_jemlahicus","Hemitragus jemlahicus","Bovidae","",NA,"cathemeral/crepuscular","crepuscular","cathemeral","",2,"Hemitragus_jemlahicus"
"87","Hippocamelus_antisensis","Hippocamelus antisensis","Cervidae","","diurnal","diurnal","diurnal","diurnal","",3,"Hippocamelus_antisensis"
"88","Hippocamelus_bisulcus","Hippocamelus bisulcus","Cervidae","","diurnal","diurnal","diurnal","diurnal","",1,"Hippocamelus_bisulcus"
"89","Hippotragus_equinus","Hippotragus equinus","Bovidae","","diurnal","diurnal/crepuscular","crepuscular","diurnal","*very diurnal in dry season",3,"Hippotragus_equinus"
"90","Hippotragus_niger","Hippotragus niger","Bovidae","",NA,"cathemeral/crepuscular","crepuscular","cathemeral","Slightly more diurnal",4,"Hippotragus_niger"
"91","Hydropotes_inermis","Hydropotes inermis","Cervidae","",NA,"cathemeral/crepuscular","crepuscular","cathemeral","",4,"Hydropotes_inermis"
"92","Hyemoschus_aquaticus","Hyemoschus aquaticus","Tragulidae","","nocturnal","nocturnal","nocturnal","nocturnal","",4,"Hyemoschus_aquaticus"
"93","Kobus_ellipsiprymnus","Kobus ellipsiprymnus","Bovidae","",NA,"cathemeral/crepuscular","crepuscular","cathemeral","",2,"Kobus_ellipsiprymnus"
"94","Kobus_kob","Kobus kob","Bovidae","",NA,"cathemeral/crepuscular","crepuscular","cathemeral","*diurnal/crepuscular",4,"Kobus_kob"
"95","Kobus_leche","Kobus leche","Bovidae","",NA,"cathemeral/crepuscular","crepuscular","cathemeral","",2,"Kobus_leche"
"96","Kobus_megaceros","Kobus megaceros","Bovidae","",NA,"cathemeral/crepuscular","crepuscular","cathemeral","",1,"Kobus_megaceros"
"97","Kobus_vardonii","Kobus vardonii","Bovidae","","nocturnal","nocturnal/crepuscular","crepuscular","nocturnal","",4,"Kobus_vardonii"
"98","Litocranius_walleri","Litocranius walleri","Bovidae","","diurnal","diurnal/crepuscular","crepuscular","diurnal","",2,"Litocranius_walleri"
"99","Madoqua_guentheri","Madoqua guentheri","Bovidae","","diurnal","diurnal","diurnal","diurnal","",4,"Madoqua_guentheri"
"100","Madoqua_kirkii","Madoqua kirkii","Bovidae","","diurnal","diurnal/crepuscular","crepuscular","diurnal","",4,"Madoqua_kirkii"
"101","Madoqua_piacentinii","Madoqua piacentinii","Bovidae","","diurnal","diurnal","diurnal","diurnal","",1,"Madoqua_piacentinii"
"102","Madoqua_saltiana","Madoqua saltiana","Bovidae","","diurnal","diurnal/crepuscular","crepuscular","diurnal","",5,"Madoqua_saltiana"
"103","Mazama_americana","Mazama americana","Cervidae","","nocturnal","nocturnal/crepuscular","crepuscular","nocturnal","",3,"Mazama_americana"
"104","Mazama_bororo","Mazama bororo","Cervidae","","nocturnal","nocturnal","nocturnal","nocturnal","",3,"Mazama_bororo"
"105","Mazama_bricenii","Mazama bricenii","Cervidae","may be a subspecies of M rufina","nocturnal","nocturnal","nocturnal","nocturnal","",1,"Mazama_bricenii"
"106","Mazama_chunyi","Mazama chunyi","Cervidae","","nocturnal","nocturnal","nocturnal","nocturnal","",3,"Mazama_chunyi"
"107","Mazama_gouazoubira","Mazama gouazoubira","Cervidae","","diurnal","diurnal/crepuscular","crepuscular","diurnal","",3,"Mazama_gouazoubira"
"108","Mazama_nana","Mazama nana","Cervidae","may be a subspecies of M rufina","nocturnal","nocturnal","nocturnal","nocturnal","",3,"Mazama_nana"
"109","Mazama_nemorivaga","Mazama nemorivaga","Cervidae","","diurnal","diurnal/crepuscular","crepuscular","diurnal","",3,"Mazama_nemorivaga"
"110","Mazama_pandora","Mazama pandora","Cervidae","Odocoileus pandora","diurnal","diurnal","diurnal","diurnal","",3,"Mazama_pandora"
"111","Mazama_rufina","Mazama rufina","Cervidae","","nocturnal","nocturnal","nocturnal","nocturnal","*large dusk activity peak",3,"Mazama_rufina"
"112","Mazama_temama","Mazama temama","Cervidae","",NA,"cathemeral","crepuscular","cathemeral","",3,"Mazama_temama"
"113","Moschiola_indica","Moschiola indica","Tragulidae","","nocturnal","nocturnal","nocturnal","nocturnal","",3,"Moschiola_indica"
"114","Moschiola_kathygre","Moschiola kathygre","Tragulidae","","nocturnal","nocturnal","nocturnal","nocturnal","",3,"Moschiola_kathygre"
"115","Moschiola_meminna","Moschiola meminna","Tragulidae","","nocturnal","nocturnal","nocturnal","nocturnal","",3,"Moschiola_meminna"
"116","Moschus_anhuiensis","Moschus anhuiensis","Moschidae","","nocturnal","nocturnal/crepuscular","crepuscular","nocturnal","",1,"Moschus_anhuiensis"
"117","Moschus_berezovskii","Moschus berezovskii","Moschidae","",NA,"cathemeral/crepuscular","crepuscular","cathemeral","",3,"Moschus_berezovskii"
"118","Moschus_chrysogaster","Moschus chrysogaster","Moschidae","","nocturnal","nocturnal/crepuscular","crepuscular","nocturnal","",3,"Moschus_chrysogaster"
"119","Moschus_cupreus","Moschus cupreus","Moschidae","","nocturnal","nocturnal/crepuscular","crepuscular","nocturnal","",2,"Moschus_cupreus"
"120","Moschus_fuscus","Moschus fuscus","Moschidae","","nocturnal","nocturnal/crepuscular","crepuscular","nocturnal","",1,"Moschus_fuscus"
"121","Moschus_leucogaster","Moschus leucogaster","Moschidae","","nocturnal","nocturnal/crepuscular","crepuscular","nocturnal","",2,"Moschus_leucogaster"
"122","Moschus_moschiferus","Moschus moschiferus","Moschidae","","nocturnal","nocturnal/crepuscular","crepuscular","nocturnal","",1,"Moschus_moschiferus"
"123","Muntiacus_atherodes","Muntiacus atherodes","Cervidae","","diurnal","diurnal","diurnal","diurnal","",3,"Muntiacus_atherodes"
"124","Muntiacus_crinifrons","Muntiacus crinifrons","Cervidae","",NA,"cathemeral/crepuscular","crepuscular","cathemeral","",3,"Muntiacus_crinifrons"
"125","Muntiacus_feae","Muntiacus feae","Cervidae","","diurnal","diurnal","diurnal","diurnal","",1,"Muntiacus_feae"
"126","Muntiacus_gongshanensis","Muntiacus gongshanensis","Cervidae","",NA,"cathemeral/crepuscular","crepuscular","cathemeral","",1,"Muntiacus_gongshanensis"
"127","Muntiacus_muntjak","Muntiacus muntjak","Cervidae","*subsps Muntiacus montanus",NA,"cathemeral/crepuscular","crepuscular","cathemeral","",3,"Muntiacus_muntjak"
"128","Muntiacus_reevesi","Muntiacus reevesi","Cervidae","",NA,"cathemeral/crepuscular","crepuscular","cathemeral","",3,"Muntiacus_reevesi"
"129","Muntiacus_vaginalis","Muntiacus vaginalis","Cervidae","",NA,"cathemeral","crepuscular","cathemeral","",3,"Muntiacus_vaginalis"
"130","Muntiacus_vuquangensis","Muntiacus vuquangensis","Cervidae","",NA,"cathemeral","crepuscular","cathemeral","",3,"Muntiacus_vuquangensis"
"131","Naemorhedus_baileyi","Naemorhedus baileyi","Bovidae","","diurnal","diurnal/crepuscular","crepuscular","diurnal","",1,"Naemorhedus_baileyi"
"132","Naemorhedus_caudatus","Naemorhedus caudatus","Bovidae","",NA,"cathemeral/crepuscular","crepuscular","cathemeral","",3,"Naemorhedus_caudatus"
"133","Naemorhedus_goral","Naemorhedus goral","Bovidae","",NA,"cathemeral/crepuscular","crepuscular","cathemeral","",3,"Naemorhedus_goral"
"134","Naemorhedus_griseus","Naemorhedus griseus","Bovidae","","diurnal","diurnal/crepuscular","crepuscular","diurnal","",3,"Naemorhedus_griseus"
"135","Nanger_dama","Nanger dama","Bovidae","","nocturnal","nocturnal","nocturnal","nocturnal","*double check",3,"Nanger_dama"
"136","Nanger_granti","Nanger granti","Bovidae","",NA,"cathemeral/crepuscular","crepuscular","cathemeral","",2,"Nanger_granti"
"137","Nanger_soemmerringii","Nanger soemmerringii","Bovidae","","diurnal","diurnal","diurnal","diurnal","",1,"Nanger_soemmerringii"
"138","Neotragus_batesi","Neotragus batesi","Bovidae","Nesotragus batesi","nocturnal","nocturnal/crepuscular","crepuscular","nocturnal","",3,"Neotragus_batesi"
"139","Neotragus_pygmaeus","Neotragus pygmaeus","Bovidae","","nocturnal","nocturnal","nocturnal","nocturnal","",4,"Neotragus_pygmaeus"
"140","Nesotragus_moschatus","Nesotragus moschatus","Bovidae","Neotragus moschatus","nocturnal","nocturnal/crepuscular","crepuscular","nocturnal","",3,"Nesotragus_moschatus"
"141","Nilgiritragus_hylocrius","Nilgiritragus hylocrius","Bovidae","",NA,"cathemeral/crepuscular","crepuscular","cathemeral","",1,"Nilgiritragus_hylocrius"
"142","Odocoileus_hemionus","Odocoileus hemionus","Cervidae","",NA,"cathemeral/crepuscular","crepuscular","cathemeral","*becomes more diurnal in the cool season ",4,"Odocoileus_hemionus"
"143","Odocoileus_virginianus","Odocoileus virginianus","Cervidae","",NA,"cathemeral/crepuscular","crepuscular","cathemeral","",4,"Odocoileus_virginianus"
"144","Okapia_johnstoni","Okapia johnstoni","Giraffidae","","diurnal","diurnal","diurnal","diurnal","",5,"Okapia_johnstoni"
"145","Oreamnos_americanus","Oreamnos americanus","Bovidae","","diurnal","diurnal/crepuscular","crepuscular","diurnal","",4,"Oreamnos_americanus"
"146","Oreotragus_oreotragus","Oreotragus oreotragus","Bovidae","","diurnal","diurnal","diurnal","diurnal","*increase in morning activity in summer, increase in dusk activity in winter",3,"Oreotragus_oreotragus"
"147","Oryx_beisa","Oryx beisa","Bovidae","","diurnal","diurnal","diurnal","diurnal","",1,"Oryx_beisa"
"148","Oryx_dammah","Oryx dammah","Bovidae","",NA,"cathemeral/crepuscular","crepuscular","cathemeral","*more nocturnal in summer",3,"Oryx_dammah"
"149","Oryx_gazella","Oryx gazella","Bovidae","",NA,"cathemeral/crepuscular","crepuscular","cathemeral","",4,"Oryx_gazella"
"150","Oryx_leucoryx","Oryx leucoryx","Bovidae","",NA,"cathemeral/crepuscular","crepuscular","cathemeral","*seasonal differences (nocturnal/crepuscular in summer, diurnal during winter)",4,"Oryx_leucoryx"
"151","Ourebia_ourebi","Ourebia ourebi","Bovidae","","diurnal","diurnal/crepuscular","crepuscular","diurnal","",3,"Ourebia_ourebi"
"152","Ovibos_moschatus","Ovibos moschatus","Bovidae","",NA,"cathemeral","crepuscular","cathemeral","*cathemeral during mid-summer, ultradian during winter",4,"Ovibos_moschatus"
"153","Ovis_ammon","Ovis ammon","Bovidae","",NA,"cathemeral/crepuscular","crepuscular","cathemeral","",4,"Ovis_ammon"
"154","Ovis_aries","Ovis aries","Bovidae","",NA,"cathemeral/crepuscular","crepuscular","cathemeral","",3,"Ovis_aries"
"155","Ovis_canadensis","Ovis canadensis","Bovidae","",NA,"cathemeral/crepuscular","crepuscular","cathemeral","",4,"Ovis_canadensis"
"156","Ovis_dalli","Ovis dalli","Bovidae","","diurnal","diurnal","diurnal","diurnal","*adjusts activity with photoperiod, becoming more crepuscular as daylight hours decrease",4,"Ovis_dalli"
"157","Ovis_gmelini","Ovis gmelini","Bovidae","",NA,"cathemeral/crepuscular","crepuscular","cathemeral","*more diurnal in winter, more nocturnal in summer",4,"Ovis_gmelini"
"158","Ovis_nivicola","Ovis nivicola","Bovidae","",NA,"cathemeral/crepuscular","crepuscular","cathemeral","",1,"Ovis_nivicola"
"159","Ovis_orientalis","Ovis orientalis","Bovidae","",NA,"cathemeral/crepuscular","crepuscular","cathemeral","",4,"Ovis_orientalis"
"160","Ozotoceros_bezoarticus","Ozotoceros bezoarticus","Cervidae","",NA,"cathemeral","crepuscular","cathemeral","",4,"Ozotoceros_bezoarticus"
"161","Pantholops_hodgsonii","Pantholops hodgsonii","Bovidae","",NA,"cathemeral/crepuscular","crepuscular","cathemeral","",3,"Pantholops_hodgsonii"
"162","Pelea_capreolus","Pelea capreolus","Bovidae","","diurnal","diurnal","diurnal","diurnal","",1,"Pelea_capreolus"
"163","Philantomba_maxwellii","Philantomba maxwellii","Bovidae","","diurnal","diurnal/crepuscular","crepuscular","diurnal","",4,"Philantomba_maxwellii"
"164","Philantomba_monticola","Philantomba monticola","Bovidae","subsps congica","diurnal","diurnal/crepuscular","crepuscular","diurnal","",3,"Philantomba_monticola"
"165","Philantomba_walteri","Philantomba walteri","Bovidae","",NA,"cathemeral/crepuscular","crepuscular","cathemeral","",3,"Philantomba_walteri"
"166","Procapra_gutturosa","Procapra gutturosa","Bovidae","","diurnal","diurnal/crepuscular","crepuscular","diurnal","",1,"Procapra_gutturosa"
"167","Procapra_picticaudata","Procapra picticaudata","Bovidae","","diurnal","diurnal/crepuscular","crepuscular","diurnal","",2,"Procapra_picticaudata"
"168","Procapra_przewalskii","Procapra przewalskii","Bovidae","","diurnal","diurnal/crepuscular","crepuscular","diurnal","",2,"Procapra_przewalskii"
"169","Pseudois_nayaur","Pseudois nayaur","Bovidae","","diurnal","diurnal/crepuscular","crepuscular","diurnal","",3,"Pseudois_nayaur"
"170","Pseudoryx_nghetinhensis","Pseudoryx nghetinhensis","Bovidae","",NA,"cathemeral/crepuscular","crepuscular","cathemeral","",5,"Pseudoryx_nghetinhensis"
"171","Pudu_mephistophiles","Pudu mephistophiles","Cervidae","","nocturnal","nocturnal/crepuscular","crepuscular","nocturnal","",1,"Pudu_mephistophiles"
"172","Pudu_puda","Pudu puda","Cervidae","","nocturnal","nocturnal","nocturnal","nocturnal","*found to also be crepuscular in some studies (notes for source 1)",3,"Pudu_puda"
"173","Rangifer_tarandus","Rangifer tarandus","Cervidae","",NA,"cathemeral/crepuscular","crepuscular","cathemeral","",5,"Rangifer_tarandus"
"174","Raphicerus_campestris","Raphicerus campestris","Bovidae","","diurnal","diurnal/crepuscular","crepuscular","diurnal","",3,"Raphicerus_campestris"
"175","Raphicerus_melanotis","Raphicerus melanotis","Bovidae","","nocturnal","nocturnal/crepuscular","crepuscular","nocturnal","",1,"Raphicerus_melanotis"
"176","Raphicerus_sharpei","Raphicerus sharpei","Bovidae","","nocturnal","nocturnal/crepuscular","crepuscular","nocturnal","",1,"Raphicerus_sharpei"
"177","Redunca_arundinum","Redunca arundinum","Bovidae","","nocturnal","nocturnal/crepuscular","crepuscular","nocturnal","",1,"Redunca_arundinum"
"178","Redunca_fulvorufula","Redunca fulvorufula","Bovidae","",NA,"cathemeral/crepuscular","crepuscular","cathemeral","",4,"Redunca_fulvorufula"
"179","Redunca_redunca","Redunca redunca","Bovidae","",NA,"cathemeral/crepuscular","crepuscular","cathemeral","",3,"Redunca_redunca"
"180","Rucervus_duvaucelii","Rucervus duvaucelii","Cervidae","",NA,"cathemeral/crepuscular","crepuscular","cathemeral","",4,"Rucervus_duvaucelii"
"181","Rucervus_eldii","Rucervus eldii","Cervidae","Panolia eldii",NA,"cathemeral/crepuscular","crepuscular","cathemeral","",2,"Rucervus_eldii"
"182","Rupicapra_pyrenaica","Rupicapra pyrenaica","Bovidae","","diurnal","diurnal/crepuscular","crepuscular","diurnal","",2,"Rupicapra_pyrenaica"
"183","Rupicapra_rupicapra","Rupicapra rupicapra","Bovidae","","diurnal","diurnal/crepuscular","crepuscular","diurnal","Nocturnal",4,"Rupicapra_rupicapra"
"184","Rusa_alfredi","Rusa alfredi","Cervidae","","nocturnal","nocturnal","nocturnal","nocturnal","",1,"Rusa_alfredi"
"185","Rusa_marianna","Rusa marianna","Cervidae","","nocturnal","nocturnal","nocturnal","nocturnal","",1,"Rusa_marianna"
"186","Rusa_timorensis","Rusa timorensis","Cervidae","","nocturnal","nocturnal","nocturnal","nocturnal","*diurnal in the absence of livestock",3,"Rusa_timorensis"
"187","Rusa_unicolor","Rusa unicolor","Cervidae","","nocturnal","nocturnal","nocturnal","nocturnal","",3,"Rusa_unicolor"
"188","Saiga_tatarica","Saiga tatarica","Bovidae","","diurnal","diurnal/crepuscular","crepuscular","diurnal","",1,"Saiga_tatarica"
"189","Sylvicapra_grimmia","Sylvicapra grimmia","Bovidae","","nocturnal","nocturnal/crepuscular","crepuscular","nocturnal","",3,"Sylvicapra_grimmia"
"190","Syncerus_caffer","Syncerus caffer","Bovidae","","nocturnal","nocturnal/crepuscular","crepuscular","nocturnal","",4,"Syncerus_caffer"
"191","Tetracerus_quadricornis","Tetracerus quadricornis","Bovidae","","diurnal","diurnal/crepuscular","crepuscular","diurnal","",3,"Tetracerus_quadricornis"
"192","Tragelaphus_angasii","Tragelaphus angasii","Bovidae","","diurnal","diurnal/crepuscular","crepuscular","diurnal","*more crepuscular in some locations",3,"Tragelaphus_angasii"
"193","Tragelaphus_buxtoni","Tragelaphus buxtoni","Bovidae","",NA,"cathemeral/crepuscular","crepuscular","cathemeral","",4,"Tragelaphus_buxtoni"
"194","Tragelaphus_derbianus","Tragelaphus derbianus","Bovidae","",NA,"cathemeral/crepuscular","crepuscular","cathemeral","",3,"Tragelaphus_derbianus"
"195","Tragelaphus_eurycerus","Tragelaphus eurycerus","Bovidae","","nocturnal","nocturnal","nocturnal","nocturnal","",3,"Tragelaphus_eurycerus"
"196","Tragelaphus_imberbis","Tragelaphus imberbis","Bovidae","","nocturnal","nocturnal","nocturnal","nocturnal","",1,"Tragelaphus_imberbis"
"197","Tragelaphus_oryx","Tragelaphus oryx","Bovidae","",NA,"cathemeral/crepuscular","crepuscular","cathemeral","",4,"Tragelaphus_oryx"
"198","Tragelaphus_scriptus","Tragelaphus scriptus","Bovidae","","nocturnal","nocturnal/crepuscular","crepuscular","nocturnal","*more diurnal/cathemeral crepuscular in some locations",4,"Tragelaphus_scriptus"
"199","Tragelaphus_spekii","Tragelaphus spekii","Bovidae","",NA,"cathemeral/crepuscular","crepuscular","cathemeral","",3,"Tragelaphus_spekii"
"200","Tragelaphus_strepsiceros","Tragelaphus strepsiceros","Bovidae","","diurnal","diurnal","diurnal","diurnal","",3,"Tragelaphus_strepsiceros"
"201","Tragelaphus_sylvaticus","Tragelaphus sylvaticus","Bovidae","",NA,"cathemeral","crepuscular","cathemeral","",4,"Tragelaphus_sylvaticus"
"202","Tragulus_javanicus","Tragulus javanicus","Tragulidae","","diurnal","diurnal/crepuscular","crepuscular","diurnal","",4,"Tragulus_javanicus"
"203","Tragulus_kanchil","Tragulus kanchil","Tragulidae","",NA,"cathemeral/crepuscular","crepuscular","cathemeral","",5,"Tragulus_kanchil"
"204","Tragulus_napu","Tragulus napu","Tragulidae","",NA,"cathemeral/crepuscular","crepuscular","cathemeral","",3,"Tragulus_napu"
"205","Tragulus_nigricans","Tragulus nigricans","Tragulidae","","nocturnal","nocturnal","nocturnal","nocturnal","",1,"Tragulus_nigricans"
"206","Tragulus_versicolor","Tragulus versicolor","Tragulidae","","diurnal","diurnal","diurnal","diurnal","",3,"Tragulus_versicolor"
"207","Tragulus_williamsoni","Tragulus williamsoni","Tragulidae","","diurnal","diurnal/crepuscular","crepuscular","diurnal","",3,"Tragulus_williamsoni"
