"","Species_name","Family","Notes","Diel_Pattern_1","Diel_Pattern_2","Diel_Pattern_3","Diel_Pattern_4","AltDiel_Pattern","Confidence","tips"
"Addax_nasomaculatus","Addax nasomaculatus","Bovidae","",NA,"cathemeral/crepuscular","crepuscular","cathemeral","",2,"Addax_nasomaculatus"
"Aepyceros_melampus","Aepyceros melampus","Bovidae","","diurnal","diurnal/crepuscular","crepuscular","diurnal","",4,"Aepyceros_melampus"
"Alcelaphus_buselaphus","Alcelaphus buselaphus","Bovidae","","diurnal","diurnal/crepuscular","crepuscular","diurnal","",4,"Alcelaphus_buselaphus"
"Alces_alces","Alces alces","Cervidae","","nocturnal","nocturnal/crepuscular","crepuscular","nocturnal","",3,"Alces_alces"
"Ammodorcas_clarkei","Ammodorcas clarkei","Bovidae","","diurnal","diurnal","diurnal","diurnal","",1,"Ammodorcas_clarkei"
"Ammotragus_lervia","Ammotragus lervia","Bovidae","","diurnal","diurnal/crepuscular","crepuscular","diurnal","",3,"Ammotragus_lervia"
"Antidorcas_marsupialis","Antidorcas marsupialis","Bovidae","",NA,"cathemeral/crepuscular","crepuscular","cathemeral","",4,"Antidorcas_marsupialis"
"Antilocapra_americana","Antilocapra americana","Antilocapridae","","diurnal","diurnal","diurnal","diurnal","*Increase in dusk activity in late summer and mid-winter",4,"Antilocapra_americana"
"Antilope_cervicapra","Antilope cervicapra","Bovidae","","diurnal","diurnal/crepuscular","crepuscular","diurnal","",4,"Antilope_cervicapra"
"Arabitragus_jayakari","Arabitragus jayakari","Bovidae","",NA,"cathemeral/crepuscular","crepuscular","cathemeral","",1,"Arabitragus_jayakari"
"Axis_axis","Axis axis","Cervidae","",NA,"cathemeral/crepuscular","crepuscular","cathemeral","Diurnal",3,"Axis_axis"
"Axis_calamianensis","Axis calamianensis","Cervidae","Hyelaphus calamianensis",NA,"cathemeral/crepuscular","crepuscular","cathemeral","",1,"Axis_calamianensis"
"Axis_kuhlii","Axis kuhlii","Cervidae","Hyelaphus kuhlii",NA,"cathemeral","crepuscular","cathemeral","",3,"Axis_kuhlii"
"Axis_porcinus","Axis porcinus","Cervidae","Hyelaphus porcinus",NA,"cathemeral/crepuscular","crepuscular","cathemeral","",4,"Axis_porcinus"
"Babyrousa_babyrussa","Babyrousa babyrussa","Suidae","","diurnal","diurnal","diurnal","diurnal","",5,"Babyrousa_babyrussa"
"Babyrousa_celebensis","Babyrousa celebensis","Suidae","","diurnal","diurnal","diurnal","diurnal","",5,"Babyrousa_celebensis"
"Babyrousa_togeanensis","Babyrousa togeanensis","Suidae","",NA,"cathemeral/crepuscular","crepuscular","cathemeral","",1,"Babyrousa_togeanensis"
"Beatragus_hunteri","Beatragus hunteri","Bovidae","",NA,"cathemeral/crepuscular","crepuscular","cathemeral","",4,"Beatragus_hunteri"
"Bison_bison","Bison bison","Bovidae","","diurnal","diurnal/crepuscular","crepuscular","diurnal","*more crepuscular (less diurnal) in the winter",3,"Bison_bison"
"Bison_bonasus","Bison bonasus","Bovidae","",NA,"cathemeral","crepuscular","cathemeral","",3,"Bison_bonasus"
"Blastocerus_dichotomus","Blastocerus dichotomus","Cervidae","",NA,"cathemeral/crepuscular","crepuscular","cathemeral","",3,"Blastocerus_dichotomus"
"Bos_gaurus","Bos gaurus","Bovidae","",NA,"cathemeral/crepuscular","crepuscular","cathemeral","",3,"Bos_gaurus"
"Bos_javanicus","Bos javanicus","Bovidae","",NA,"cathemeral/crepuscular","crepuscular","cathemeral","",3,"Bos_javanicus"
"Bos_mutus","Bos mutus","Bovidae","","diurnal","diurnal","diurnal","diurnal","",1,"Bos_mutus"
"Bos_sauveli","Bos sauveli","Bovidae","Maybe extinct",NA,"cathemeral","crepuscular","cathemeral","",1,"Bos_sauveli"
"Boselaphus_tragocamelus","Boselaphus tragocamelus","Bovidae","","nocturnal","nocturnal/crepuscular","crepuscular","nocturnal","",3,"Boselaphus_tragocamelus"
"Bubalis_bubalis","Bubalis bubalis","Bovidae","",NA,"cathemeral","crepuscular","cathemeral","",3,"Bubalis_bubalis"
"Bubalus_arnee","Bubalus arnee","Bovidae","",NA,"cathemeral","crepuscular","cathemeral","*more nocturnal in areas inhabited by humans",2,"Bubalus_arnee"
"Bubalus_depressicornis","Bubalus depressicornis","Bovidae","","nocturnal","nocturnal/crepuscular","crepuscular","nocturnal","",1,"Bubalus_depressicornis"
"Bubalus_mindorensis","Bubalus mindorensis","Bovidae","","diurnal","diurnal/crepuscular","crepuscular","diurnal","",5,"Bubalus_mindorensis"
"Bubalus_quarlesi","Bubalus quarlesi","Bovidae","",NA,"cathemeral/crepuscular","crepuscular","cathemeral","",1,"Bubalus_quarlesi"
"Budorcas_taxicolor","Budorcas taxicolor","Bovidae","","diurnal","diurnal/crepuscular","crepuscular","diurnal","",3,"Budorcas_taxicolor"
"Camelus_ferus","Camelus ferus","Camelidae","",NA,"cathemeral/crepuscular","crepuscular","cathemeral","*more diurnal in colder seasons",4,"Camelus_ferus"
"Capra_aegagrus","Capra aegagrus","Bovidae","Capra aegagrus hircus (domesticated version)","diurnal","diurnal","diurnal","diurnal","",3,"Capra_aegagrus"
"Capra_caucasica","Capra caucasica","Bovidae","",NA,"cathemeral","crepuscular","cathemeral","",1,"Capra_caucasica"
"Capra_cylindricornis","Capra cylindricornis","Bovidae","",NA,"cathemeral","crepuscular","cathemeral","*more nocturnal in summer",1,"Capra_cylindricornis"
"Capra_falconeri","Capra falconeri","Bovidae","","diurnal","diurnal/crepuscular","crepuscular","diurnal","",2,"Capra_falconeri"
"Capra_ibex","Capra ibex","Bovidae","",NA,"cathemeral/crepuscular","crepuscular","cathemeral","",2,"Capra_ibex"
"Capra_nubiana","Capra nubiana","Bovidae","",NA,"cathemeral/crepuscular","crepuscular","cathemeral","*more diurnal in winter",3,"Capra_nubiana"
"Capra_pyrenaica","Capra pyrenaica","Bovidae","",NA,"cathemeral/crepuscular","crepuscular","cathemeral","",2,"Capra_pyrenaica"
"Capra_sibirica","Capra sibirica","Bovidae","","diurnal","diurnal/crepuscular","crepuscular","diurnal","*diurnal in winter, diurnal/crepuscular in summer",3,"Capra_sibirica"
"Capra_walie","Capra walie","Bovidae","",NA,"cathemeral/crepuscular","crepuscular","cathemeral","",2,"Capra_walie"
"Capreolus_capreolus","Capreolus capreolus","Cervidae","",NA,"cathemeral/crepuscular","crepuscular","cathemeral","",4,"Capreolus_capreolus"
"Capreolus_pygargus","Capreolus pygargus","Cervidae","","nocturnal","nocturnal/crepuscular","crepuscular","nocturnal","*more nocturnal in summer, more crepuscular in all other seasons",3,"Capreolus_pygargus"
"Capricornis_crispus","Capricornis crispus","Bovidae","",NA,"cathemeral","crepuscular","cathemeral","",3,"Capricornis_crispus"
"Capricornis_rubidus","Capricornis rubidus","Bovidae","",NA,"cathemeral","crepuscular","cathemeral","",3,"Capricornis_rubidus"
"Capricornis_sumatraensis","Capricornis sumatraensis","Bovidae","",NA,"cathemeral","crepuscular","cathemeral","",4,"Capricornis_sumatraensis"
"Capricornis_swinhoei","Capricornis swinhoei","Bovidae","",NA,"cathemeral/crepuscular","crepuscular","cathemeral","",1,"Capricornis_swinhoei"
"Capricornis_thar","Capricornis thar","Bovidae","",NA,"cathemeral/crepuscular","crepuscular","cathemeral","",3,"Capricornis_thar"
"Catagonus_wagneri","Catagonus wagneri","Tayassuidae","","diurnal","diurnal/crepuscular","crepuscular","diurnal","",4,"Catagonus_wagneri"
"Cephalophus_adersi","Cephalophus adersi","Bovidae","","diurnal","diurnal/crepuscular","crepuscular","diurnal","",3,"Cephalophus_adersi"
"Cephalophus_callipygus","Cephalophus callipygus","Bovidae","","diurnal","diurnal/crepuscular","crepuscular","diurnal","",3,"Cephalophus_callipygus"
"Cephalophus_dorsalis","Cephalophus dorsalis","Bovidae","","nocturnal","nocturnal","nocturnal","nocturnal","",3,"Cephalophus_dorsalis"
"Cephalophus_harveyi","Cephalophus harveyi","Bovidae","","diurnal","diurnal/crepuscular","crepuscular","diurnal","",3,"Cephalophus_harveyi"
"Cephalophus_jentinki","Cephalophus jentinki","Bovidae","","nocturnal","nocturnal/crepuscular","crepuscular","nocturnal","",4,"Cephalophus_jentinki"
"Cephalophus_leucogaster","Cephalophus leucogaster","Bovidae","","diurnal","diurnal","diurnal","diurnal","",3,"Cephalophus_leucogaster"
"Cephalophus_natalensis","Cephalophus natalensis","Bovidae","",NA,"cathemeral/crepuscular","crepuscular","cathemeral","",4,"Cephalophus_natalensis"
"Cephalophus_niger","Cephalophus niger","Bovidae","","diurnal","diurnal/crepuscular","crepuscular","diurnal","",4,"Cephalophus_niger"
"Cephalophus_nigrifrons","Cephalophus nigrifrons","Bovidae","","diurnal","diurnal/crepuscular","crepuscular","diurnal","",3,"Cephalophus_nigrifrons"
"Cephalophus_ogilbyi","Cephalophus ogilbyi","Bovidae","subspecies crusalbum and brookei","diurnal","diurnal","diurnal","diurnal","",3,"Cephalophus_ogilbyi"
"Cephalophus_rufilatus","Cephalophus rufilatus","Bovidae","","diurnal","diurnal/crepuscular","crepuscular","diurnal","",3,"Cephalophus_rufilatus"
"Cephalophus_silvicultor","Cephalophus silvicultor","Bovidae","","nocturnal","nocturnal/crepuscular","crepuscular","nocturnal","",3,"Cephalophus_silvicultor"
"Cephalophus_spadix","Cephalophus spadix","Bovidae","","nocturnal","nocturnal","nocturnal","nocturnal","",3,"Cephalophus_spadix"
"Cephalophus_weynsi","Cephalophus weynsi","Bovidae","","diurnal","diurnal","diurnal","diurnal","",3,"Cephalophus_weynsi"
"Cephalophus_zebra","Cephalophus zebra","Bovidae","","diurnal","diurnal/crepuscular","crepuscular","diurnal","",4,"Cephalophus_zebra"
"Cervus_albirostris","Cervus albirostris","Cervidae","",NA,"cathemeral/crepuscular","crepuscular","cathemeral","",3,"Cervus_albirostris"
"Cervus_canadensis","Cervus canadensis","Cervidae","",NA,"cathemeral/crepuscular","crepuscular","cathemeral","",4,"Cervus_canadensis"
"Cervus_elaphus","Cervus elaphus","Cervidae","",NA,"cathemeral/crepuscular","crepuscular","cathemeral","Nocturnal in europe, diurnal in Canda (from same source 1)",4,"Cervus_elaphus"
"Cervus_nippon","Cervus nippon","Cervidae","",NA,"cathemeral/crepuscular","crepuscular","cathemeral","*deer adjust to activity to be more diurnal or nocturnal in response to culling (source 2)",3,"Cervus_nippon"
"Choeropsis_liberiensis","Choeropsis liberiensis","Hippopotamidae","Hexaprotodon liberiensis","nocturnal","nocturnal/crepuscular","crepuscular","nocturnal","",3,"Choeropsis_liberiensis"
"Connochaetes_gnou","Connochaetes gnou","Bovidae","","diurnal","diurnal/crepuscular","crepuscular","diurnal","",4,"Connochaetes_gnou"
"Connochaetes_taurinus","Connochaetes taurinus","Bovidae","","diurnal","diurnal/crepuscular","crepuscular","diurnal","",5,"Connochaetes_taurinus"
"Dama_dama","Dama dama","Cervidae","","diurnal","diurnal/crepuscular","crepuscular","diurnal","",3,"Dama_dama"
"Dama_mesopotamica","Dama mesopotamica","Cervidae","","nocturnal","nocturnal/crepuscular","crepuscular","nocturnal","",1,"Dama_mesopotamica"
"Damaliscus_lunatus","Damaliscus lunatus","Bovidae","","diurnal","diurnal/crepuscular","crepuscular","diurnal","",2,"Damaliscus_lunatus"
"Damaliscus_pygargus","Damaliscus pygargus","Bovidae","*subsps phillipsi","diurnal","diurnal/crepuscular","crepuscular","diurnal","",2,"Damaliscus_pygargus"
"Dorcatragus_megalotis","Dorcatragus megalotis","Bovidae","","diurnal","diurnal/crepuscular","crepuscular","diurnal","*become more crepuscular in the summer months, more diurnal during the winter/fall/spring",2,"Dorcatragus_megalotis"
"Elaphodus_cephalophus","Elaphodus cephalophus","Cervidae","",NA,"cathemeral/crepuscular","crepuscular","cathemeral","",3,"Elaphodus_cephalophus"
"Elaphurus_davidianus","Elaphurus davidianus","Cervidae","","diurnal","diurnal/crepuscular","crepuscular","diurnal","",2,"Elaphurus_davidianus"
"Eudorcas_albonotata","Eudorcas albonotata","Bovidae","*subsps of thomsonii, no info","diurnal","diurnal/crepuscular","crepuscular","diurnal","",3,"Eudorcas_albonotata"
"Eudorcas_rufifrons","Eudorcas rufifrons","Bovidae","",NA,"cathemeral/crepuscular","crepuscular","cathemeral","",3,"Eudorcas_rufifrons"
"Eudorcas_thomsonii","Eudorcas thomsonii","Bovidae","","diurnal","diurnal/crepuscular","crepuscular","diurnal","",3,"Eudorcas_thomsonii"
"Gazella_bennettii","Gazella bennettii","Bovidae","","nocturnal","nocturnal/crepuscular","crepuscular","nocturnal","",2,"Gazella_bennettii"
"Gazella_cuvieri","Gazella cuvieri","Bovidae","","diurnal","diurnal/crepuscular","crepuscular","diurnal","",1,"Gazella_cuvieri"
"Gazella_dorcas","Gazella dorcas","Bovidae","","diurnal","diurnal/crepuscular","crepuscular","diurnal","*switches seasonally from being more diurnal in the winter to more crepuscular in the spring",4,"Gazella_dorcas"
"Gazella_gazella","Gazella gazella","Bovidae","",NA,"cathemeral/crepuscular","crepuscular","cathemeral","",3,"Gazella_gazella"
"Gazella_leptoceros","Gazella leptoceros","Bovidae","",NA,"cathemeral","crepuscular","cathemeral","*more diurnal in winter, more nocturnal in summer",3,"Gazella_leptoceros"
"Gazella_marica","Gazella marica","Bovidae","","nocturnal","nocturnal/crepuscular","crepuscular","nocturnal","*more crepuscular in warm wet period, more nocturnal in hot dry period",4,"Gazella_marica"
"Gazella_spekei","Gazella spekei","Bovidae","",NA,"cathemeral/crepuscular","crepuscular","cathemeral","",1,"Gazella_spekei"
"Gazella_subgutturosa","Gazella subgutturosa","Bovidae","",NA,"cathemeral/crepuscular","crepuscular","cathemeral","*become more diurnal in the cold season",2,"Gazella_subgutturosa"
"Giraffa_camelopardalis","Giraffa camelopardalis","Giraffidae","",NA,"cathemeral/crepuscular","crepuscular","cathemeral","",3,"Giraffa_camelopardalis"
"Hemitragus_jemlahicus","Hemitragus jemlahicus","Bovidae","",NA,"cathemeral/crepuscular","crepuscular","cathemeral","",2,"Hemitragus_jemlahicus"
"Hippocamelus_antisensis","Hippocamelus antisensis","Cervidae","","diurnal","diurnal","diurnal","diurnal","",3,"Hippocamelus_antisensis"
"Hippocamelus_bisulcus","Hippocamelus bisulcus","Cervidae","","diurnal","diurnal","diurnal","diurnal","",1,"Hippocamelus_bisulcus"
"Hippopotamus_amphibius","Hippopotamus amphibius","Hippopotamidae","","nocturnal","nocturnal/crepuscular","crepuscular","nocturnal","",4,"Hippopotamus_amphibius"
"Hippotragus_equinus","Hippotragus equinus","Bovidae","","diurnal","diurnal/crepuscular","crepuscular","diurnal","*very diurnal in dry season",3,"Hippotragus_equinus"
"Hippotragus_niger","Hippotragus niger","Bovidae","",NA,"cathemeral/crepuscular","crepuscular","cathemeral","Slightly more diurnal",4,"Hippotragus_niger"
"Hydropotes_inermis","Hydropotes inermis","Cervidae","",NA,"cathemeral/crepuscular","crepuscular","cathemeral","",4,"Hydropotes_inermis"
"Hyemoschus_aquaticus","Hyemoschus aquaticus","Tragulidae","","nocturnal","nocturnal","nocturnal","nocturnal","",4,"Hyemoschus_aquaticus"
"Hylochoerus_meinertzhageni","Hylochoerus meinertzhageni","Suidae","","diurnal","diurnal/crepuscular","crepuscular","diurnal","",3,"Hylochoerus_meinertzhageni"
"Kobus_ellipsiprymnus","Kobus ellipsiprymnus","Bovidae","",NA,"cathemeral/crepuscular","crepuscular","cathemeral","",2,"Kobus_ellipsiprymnus"
"Kobus_kob","Kobus kob","Bovidae","",NA,"cathemeral/crepuscular","crepuscular","cathemeral","*diurnal/crepuscular",4,"Kobus_kob"
"Kobus_leche","Kobus leche","Bovidae","",NA,"cathemeral/crepuscular","crepuscular","cathemeral","",2,"Kobus_leche"
"Kobus_megaceros","Kobus megaceros","Bovidae","",NA,"cathemeral/crepuscular","crepuscular","cathemeral","",1,"Kobus_megaceros"
"Kobus_vardonii","Kobus vardonii","Bovidae","","nocturnal","nocturnal/crepuscular","crepuscular","nocturnal","",4,"Kobus_vardonii"
"Lama_guanicoe","Lama guanicoe","Camelidae","","diurnal","diurnal","diurnal","diurnal","*become more crepuscular in paved road areas",5,"Lama_guanicoe"
"Litocranius_walleri","Litocranius walleri","Bovidae","","diurnal","diurnal/crepuscular","crepuscular","diurnal","",2,"Litocranius_walleri"
"Madoqua_guentheri","Madoqua guentheri","Bovidae","","diurnal","diurnal","diurnal","diurnal","",4,"Madoqua_guentheri"
"Madoqua_kirkii","Madoqua kirkii","Bovidae","","diurnal","diurnal/crepuscular","crepuscular","diurnal","",4,"Madoqua_kirkii"
"Madoqua_piacentinii","Madoqua piacentinii","Bovidae","","diurnal","diurnal","diurnal","diurnal","",1,"Madoqua_piacentinii"
"Madoqua_saltiana","Madoqua saltiana","Bovidae","","diurnal","diurnal/crepuscular","crepuscular","diurnal","",5,"Madoqua_saltiana"
"Mazama_americana","Mazama americana","Cervidae","","nocturnal","nocturnal/crepuscular","crepuscular","nocturnal","",3,"Mazama_americana"
"Mazama_bororo","Mazama bororo","Cervidae","","nocturnal","nocturnal","nocturnal","nocturnal","",3,"Mazama_bororo"
"Mazama_bricenii","Mazama bricenii","Cervidae","may be a subspecies of M rufina","nocturnal","nocturnal","nocturnal","nocturnal","",1,"Mazama_bricenii"
"Mazama_chunyi","Mazama chunyi","Cervidae","","nocturnal","nocturnal","nocturnal","nocturnal","",3,"Mazama_chunyi"
"Mazama_gouazoubira","Mazama gouazoubira","Cervidae","","diurnal","diurnal/crepuscular","crepuscular","diurnal","",3,"Mazama_gouazoubira"
"Mazama_nana","Mazama nana","Cervidae","may be a subspecies of M rufina","nocturnal","nocturnal","nocturnal","nocturnal","",3,"Mazama_nana"
"Mazama_nemorivaga","Mazama nemorivaga","Cervidae","","diurnal","diurnal/crepuscular","crepuscular","diurnal","",3,"Mazama_nemorivaga"
"Mazama_pandora","Mazama pandora","Cervidae","Odocoileus pandora","diurnal","diurnal","diurnal","diurnal","",3,"Mazama_pandora"
"Mazama_rufina","Mazama rufina","Cervidae","","nocturnal","nocturnal","nocturnal","nocturnal","*large dusk activity peak",3,"Mazama_rufina"
"Mazama_temama","Mazama temama","Cervidae","",NA,"cathemeral","crepuscular","cathemeral","",3,"Mazama_temama"
"Moschiola_indica","Moschiola indica","Tragulidae","","nocturnal","nocturnal","nocturnal","nocturnal","",3,"Moschiola_indica"
"Moschiola_kathygre","Moschiola kathygre","Tragulidae","","nocturnal","nocturnal","nocturnal","nocturnal","",3,"Moschiola_kathygre"
"Moschiola_meminna","Moschiola meminna","Tragulidae","","nocturnal","nocturnal","nocturnal","nocturnal","",3,"Moschiola_meminna"
"Moschus_anhuiensis","Moschus anhuiensis","Moschidae","","nocturnal","nocturnal/crepuscular","crepuscular","nocturnal","",1,"Moschus_anhuiensis"
"Moschus_berezovskii","Moschus berezovskii","Moschidae","",NA,"cathemeral/crepuscular","crepuscular","cathemeral","",3,"Moschus_berezovskii"
"Moschus_chrysogaster","Moschus chrysogaster","Moschidae","","nocturnal","nocturnal/crepuscular","crepuscular","nocturnal","",3,"Moschus_chrysogaster"
"Moschus_cupreus","Moschus cupreus","Moschidae","","nocturnal","nocturnal/crepuscular","crepuscular","nocturnal","",2,"Moschus_cupreus"
"Moschus_fuscus","Moschus fuscus","Moschidae","","nocturnal","nocturnal/crepuscular","crepuscular","nocturnal","",1,"Moschus_fuscus"
"Moschus_leucogaster","Moschus leucogaster","Moschidae","","nocturnal","nocturnal/crepuscular","crepuscular","nocturnal","",2,"Moschus_leucogaster"
"Moschus_moschiferus","Moschus moschiferus","Moschidae","","nocturnal","nocturnal/crepuscular","crepuscular","nocturnal","",1,"Moschus_moschiferus"
"Muntiacus_atherodes","Muntiacus atherodes","Cervidae","","diurnal","diurnal","diurnal","diurnal","",3,"Muntiacus_atherodes"
"Muntiacus_crinifrons","Muntiacus crinifrons","Cervidae","",NA,"cathemeral/crepuscular","crepuscular","cathemeral","",3,"Muntiacus_crinifrons"
"Muntiacus_feae","Muntiacus feae","Cervidae","","diurnal","diurnal","diurnal","diurnal","",1,"Muntiacus_feae"
"Muntiacus_gongshanensis","Muntiacus gongshanensis","Cervidae","",NA,"cathemeral/crepuscular","crepuscular","cathemeral","",1,"Muntiacus_gongshanensis"
"Muntiacus_muntjak","Muntiacus muntjak","Cervidae","*subsps Muntiacus montanus",NA,"cathemeral/crepuscular","crepuscular","cathemeral","",3,"Muntiacus_muntjak"
"Muntiacus_reevesi","Muntiacus reevesi","Cervidae","",NA,"cathemeral/crepuscular","crepuscular","cathemeral","",3,"Muntiacus_reevesi"
"Muntiacus_vaginalis","Muntiacus vaginalis","Cervidae","",NA,"cathemeral","crepuscular","cathemeral","",3,"Muntiacus_vaginalis"
"Muntiacus_vuquangensis","Muntiacus vuquangensis","Cervidae","",NA,"cathemeral","crepuscular","cathemeral","",3,"Muntiacus_vuquangensis"
"Naemorhedus_baileyi","Naemorhedus baileyi","Bovidae","","diurnal","diurnal/crepuscular","crepuscular","diurnal","",1,"Naemorhedus_baileyi"
"Naemorhedus_caudatus","Naemorhedus caudatus","Bovidae","",NA,"cathemeral/crepuscular","crepuscular","cathemeral","",3,"Naemorhedus_caudatus"
"Naemorhedus_goral","Naemorhedus goral","Bovidae","",NA,"cathemeral/crepuscular","crepuscular","cathemeral","",3,"Naemorhedus_goral"
"Naemorhedus_griseus","Naemorhedus griseus","Bovidae","","diurnal","diurnal/crepuscular","crepuscular","diurnal","",3,"Naemorhedus_griseus"
"Nanger_dama","Nanger dama","Bovidae","","nocturnal","nocturnal","nocturnal","nocturnal","*double check",3,"Nanger_dama"
"Nanger_granti","Nanger granti","Bovidae","",NA,"cathemeral/crepuscular","crepuscular","cathemeral","",2,"Nanger_granti"
"Nanger_soemmerringii","Nanger soemmerringii","Bovidae","","diurnal","diurnal","diurnal","diurnal","",1,"Nanger_soemmerringii"
"Neotragus_batesi","Neotragus batesi","Bovidae","Nesotragus batesi","nocturnal","nocturnal/crepuscular","crepuscular","nocturnal","",3,"Neotragus_batesi"
"Neotragus_pygmaeus","Neotragus pygmaeus","Bovidae","","nocturnal","nocturnal","nocturnal","nocturnal","",4,"Neotragus_pygmaeus"
"Nesotragus_moschatus","Nesotragus moschatus","Bovidae","Neotragus moschatus","nocturnal","nocturnal/crepuscular","crepuscular","nocturnal","",3,"Nesotragus_moschatus"
"Nilgiritragus_hylocrius","Nilgiritragus hylocrius","Bovidae","",NA,"cathemeral/crepuscular","crepuscular","cathemeral","",1,"Nilgiritragus_hylocrius"
"Odocoileus_hemionus","Odocoileus hemionus","Cervidae","",NA,"cathemeral/crepuscular","crepuscular","cathemeral","*becomes more diurnal in the cool season ",4,"Odocoileus_hemionus"
"Odocoileus_virginianus","Odocoileus virginianus","Cervidae","",NA,"cathemeral/crepuscular","crepuscular","cathemeral","",4,"Odocoileus_virginianus"
"Okapia_johnstoni","Okapia johnstoni","Giraffidae","","diurnal","diurnal","diurnal","diurnal","",5,"Okapia_johnstoni"
"Oreamnos_americanus","Oreamnos americanus","Bovidae","","diurnal","diurnal/crepuscular","crepuscular","diurnal","",4,"Oreamnos_americanus"
"Oreotragus_oreotragus","Oreotragus oreotragus","Bovidae","","diurnal","diurnal","diurnal","diurnal","*increase in morning activity in summer, increase in dusk activity in winter",3,"Oreotragus_oreotragus"
"Oryx_beisa","Oryx beisa","Bovidae","","diurnal","diurnal","diurnal","diurnal","",1,"Oryx_beisa"
"Oryx_dammah","Oryx dammah","Bovidae","",NA,"cathemeral/crepuscular","crepuscular","cathemeral","*more nocturnal in summer",3,"Oryx_dammah"
"Oryx_gazella","Oryx gazella","Bovidae","",NA,"cathemeral/crepuscular","crepuscular","cathemeral","",4,"Oryx_gazella"
"Oryx_leucoryx","Oryx leucoryx","Bovidae","",NA,"cathemeral/crepuscular","crepuscular","cathemeral","*seasonal differences (nocturnal/crepuscular in summer, diurnal during winter)",4,"Oryx_leucoryx"
"Ourebia_ourebi","Ourebia ourebi","Bovidae","","diurnal","diurnal/crepuscular","crepuscular","diurnal","",3,"Ourebia_ourebi"
"Ovibos_moschatus","Ovibos moschatus","Bovidae","",NA,"cathemeral","crepuscular","cathemeral","*cathemeral during mid-summer, ultradian during winter",4,"Ovibos_moschatus"
"Ovis_ammon","Ovis ammon","Bovidae","",NA,"cathemeral/crepuscular","crepuscular","cathemeral","",4,"Ovis_ammon"
"Ovis_aries","Ovis aries","Bovidae","",NA,"cathemeral/crepuscular","crepuscular","cathemeral","",3,"Ovis_aries"
"Ovis_canadensis","Ovis canadensis","Bovidae","",NA,"cathemeral/crepuscular","crepuscular","cathemeral","",4,"Ovis_canadensis"
"Ovis_dalli","Ovis dalli","Bovidae","","diurnal","diurnal","diurnal","diurnal","*adjusts activity with photoperiod, becoming more crepuscular as daylight hours decrease",4,"Ovis_dalli"
"Ovis_gmelini","Ovis gmelini","Bovidae","",NA,"cathemeral/crepuscular","crepuscular","cathemeral","*more diurnal in winter, more nocturnal in summer",4,"Ovis_gmelini"
"Ovis_nivicola","Ovis nivicola","Bovidae","",NA,"cathemeral/crepuscular","crepuscular","cathemeral","",1,"Ovis_nivicola"
"Ovis_orientalis","Ovis orientalis","Bovidae","",NA,"cathemeral/crepuscular","crepuscular","cathemeral","",4,"Ovis_orientalis"
"Ozotoceros_bezoarticus","Ozotoceros bezoarticus","Cervidae","",NA,"cathemeral","crepuscular","cathemeral","",4,"Ozotoceros_bezoarticus"
"Pantholops_hodgsonii","Pantholops hodgsonii","Bovidae","",NA,"cathemeral/crepuscular","crepuscular","cathemeral","",3,"Pantholops_hodgsonii"
"Pecari_tajacu","Pecari tajacu","Tayassuidae","Dicotyles tajacu","diurnal","diurnal","diurnal","diurnal","",3,"Pecari_tajacu"
"Pelea_capreolus","Pelea capreolus","Bovidae","","diurnal","diurnal","diurnal","diurnal","",1,"Pelea_capreolus"
"Phacochoerus_aethiopicus","Phacochoerus aethiopicus","Suidae","","diurnal","diurnal","diurnal","diurnal","",2,"Phacochoerus_aethiopicus"
"Phacochoerus_africanus","Phacochoerus africanus","Suidae","","diurnal","diurnal/crepuscular","crepuscular","diurnal","",3,"Phacochoerus_africanus"
"Philantomba_maxwellii","Philantomba maxwellii","Bovidae","","diurnal","diurnal/crepuscular","crepuscular","diurnal","",4,"Philantomba_maxwellii"
"Philantomba_monticola","Philantomba monticola","Bovidae","subsps congica","diurnal","diurnal/crepuscular","crepuscular","diurnal","",3,"Philantomba_monticola"
"Philantomba_walteri","Philantomba walteri","Bovidae","",NA,"cathemeral/crepuscular","crepuscular","cathemeral","",3,"Philantomba_walteri"
"Porcula_salvania","Porcula salvania","Suidae","","diurnal","diurnal","diurnal","diurnal","",2,"Porcula_salvania"
"Potamochoerus_larvatus","Potamochoerus larvatus","Suidae","","nocturnal","nocturnal","nocturnal","nocturnal","*double check",1,"Potamochoerus_larvatus"
"Potamochoerus_porcus","Potamochoerus porcus","Suidae","","nocturnal","nocturnal/crepuscular","crepuscular","nocturnal","",4,"Potamochoerus_porcus"
"Procapra_gutturosa","Procapra gutturosa","Bovidae","","diurnal","diurnal/crepuscular","crepuscular","diurnal","",1,"Procapra_gutturosa"
"Procapra_picticaudata","Procapra picticaudata","Bovidae","","diurnal","diurnal/crepuscular","crepuscular","diurnal","",2,"Procapra_picticaudata"
"Procapra_przewalskii","Procapra przewalskii","Bovidae","","diurnal","diurnal/crepuscular","crepuscular","diurnal","",2,"Procapra_przewalskii"
"Pseudois_nayaur","Pseudois nayaur","Bovidae","","diurnal","diurnal/crepuscular","crepuscular","diurnal","",3,"Pseudois_nayaur"
"Pseudoryx_nghetinhensis","Pseudoryx nghetinhensis","Bovidae","",NA,"cathemeral/crepuscular","crepuscular","cathemeral","",5,"Pseudoryx_nghetinhensis"
"Pudu_mephistophiles","Pudu mephistophiles","Cervidae","","nocturnal","nocturnal/crepuscular","crepuscular","nocturnal","",1,"Pudu_mephistophiles"
"Pudu_puda","Pudu puda","Cervidae","","nocturnal","nocturnal","nocturnal","nocturnal","*found to also be crepuscular in some studies (notes for source 1)",3,"Pudu_puda"
"Rangifer_tarandus","Rangifer tarandus","Cervidae","",NA,"cathemeral/crepuscular","crepuscular","cathemeral","",5,"Rangifer_tarandus"
"Raphicerus_campestris","Raphicerus campestris","Bovidae","","diurnal","diurnal/crepuscular","crepuscular","diurnal","",3,"Raphicerus_campestris"
"Raphicerus_melanotis","Raphicerus melanotis","Bovidae","","nocturnal","nocturnal/crepuscular","crepuscular","nocturnal","",1,"Raphicerus_melanotis"
"Raphicerus_sharpei","Raphicerus sharpei","Bovidae","","nocturnal","nocturnal/crepuscular","crepuscular","nocturnal","",1,"Raphicerus_sharpei"
"Redunca_arundinum","Redunca arundinum","Bovidae","","nocturnal","nocturnal/crepuscular","crepuscular","nocturnal","",1,"Redunca_arundinum"
"Redunca_fulvorufula","Redunca fulvorufula","Bovidae","",NA,"cathemeral/crepuscular","crepuscular","cathemeral","",4,"Redunca_fulvorufula"
"Redunca_redunca","Redunca redunca","Bovidae","",NA,"cathemeral/crepuscular","crepuscular","cathemeral","",3,"Redunca_redunca"
"Rucervus_duvaucelii","Rucervus duvaucelii","Cervidae","",NA,"cathemeral/crepuscular","crepuscular","cathemeral","",4,"Rucervus_duvaucelii"
"Rucervus_eldii","Rucervus eldii","Cervidae","Panolia eldii",NA,"cathemeral/crepuscular","crepuscular","cathemeral","",2,"Rucervus_eldii"
"Rupicapra_pyrenaica","Rupicapra pyrenaica","Bovidae","","diurnal","diurnal/crepuscular","crepuscular","diurnal","",2,"Rupicapra_pyrenaica"
"Rupicapra_rupicapra","Rupicapra rupicapra","Bovidae","","diurnal","diurnal/crepuscular","crepuscular","diurnal","Nocturnal",4,"Rupicapra_rupicapra"
"Rusa_alfredi","Rusa alfredi","Cervidae","","nocturnal","nocturnal","nocturnal","nocturnal","",1,"Rusa_alfredi"
"Rusa_marianna","Rusa marianna","Cervidae","","nocturnal","nocturnal","nocturnal","nocturnal","",1,"Rusa_marianna"
"Rusa_timorensis","Rusa timorensis","Cervidae","","nocturnal","nocturnal","nocturnal","nocturnal","*diurnal in the absence of livestock",3,"Rusa_timorensis"
"Rusa_unicolor","Rusa unicolor","Cervidae","","nocturnal","nocturnal","nocturnal","nocturnal","",3,"Rusa_unicolor"
"Saiga_tatarica","Saiga tatarica","Bovidae","","diurnal","diurnal/crepuscular","crepuscular","diurnal","",1,"Saiga_tatarica"
"Sus_ahoenobarbus","Sus ahoenobarbus","Suidae","","nocturnal","nocturnal/crepuscular","crepuscular","nocturnal","",1,"Sus_ahoenobarbus"
"Sus_barbatus","Sus barbatus","Suidae","","diurnal","diurnal/crepuscular","crepuscular","diurnal","*can become nocturnal in plantation habitats (vs forest) to avoid humans",3,"Sus_barbatus"
"Sus_cebifrons","Sus cebifrons","Suidae","","nocturnal","nocturnal","nocturnal","nocturnal","",1,"Sus_cebifrons"
"Sus_celebensis","Sus celebensis","Suidae","","nocturnal","nocturnal/crepuscular","crepuscular","nocturnal","",1,"Sus_celebensis"
"Sus_oliveri","Sus oliveri","Suidae","",NA,"cathemeral","crepuscular","cathemeral","",1,"Sus_oliveri"
"Sus_philippensis","Sus philippensis","Suidae","","nocturnal","nocturnal","nocturnal","nocturnal","*may be cathemeral?",3,"Sus_philippensis"
"Sus_scrofa","Sus scrofa","Suidae","","nocturnal","nocturnal","nocturnal","nocturnal","*cathemeral in source 5",3,"Sus_scrofa"
"Sus_verrucosus","Sus verrucosus","Suidae","Sus blouchi",NA,"cathemeral/crepuscular","crepuscular","cathemeral","*can be more nocturnal/crepuscular",3,"Sus_verrucosus"
"Sylvicapra_grimmia","Sylvicapra grimmia","Bovidae","","nocturnal","nocturnal/crepuscular","crepuscular","nocturnal","",3,"Sylvicapra_grimmia"
"Syncerus_caffer","Syncerus caffer","Bovidae","","nocturnal","nocturnal/crepuscular","crepuscular","nocturnal","",4,"Syncerus_caffer"
"Tayassu_pecari","Tayassu pecari","Tayassuidae","","diurnal","diurnal/crepuscular","crepuscular","diurnal","",4,"Tayassu_pecari"
"Tetracerus_quadricornis","Tetracerus quadricornis","Bovidae","","diurnal","diurnal/crepuscular","crepuscular","diurnal","",3,"Tetracerus_quadricornis"
"Tragelaphus_angasii","Tragelaphus angasii","Bovidae","","diurnal","diurnal/crepuscular","crepuscular","diurnal","*more crepuscular in some locations",3,"Tragelaphus_angasii"
"Tragelaphus_buxtoni","Tragelaphus buxtoni","Bovidae","",NA,"cathemeral/crepuscular","crepuscular","cathemeral","",4,"Tragelaphus_buxtoni"
"Tragelaphus_derbianus","Tragelaphus derbianus","Bovidae","",NA,"cathemeral/crepuscular","crepuscular","cathemeral","",3,"Tragelaphus_derbianus"
"Tragelaphus_eurycerus","Tragelaphus eurycerus","Bovidae","","nocturnal","nocturnal","nocturnal","nocturnal","",3,"Tragelaphus_eurycerus"
"Tragelaphus_imberbis","Tragelaphus imberbis","Bovidae","","nocturnal","nocturnal","nocturnal","nocturnal","",1,"Tragelaphus_imberbis"
"Tragelaphus_oryx","Tragelaphus oryx","Bovidae","",NA,"cathemeral/crepuscular","crepuscular","cathemeral","",4,"Tragelaphus_oryx"
"Tragelaphus_scriptus","Tragelaphus scriptus","Bovidae","","nocturnal","nocturnal/crepuscular","crepuscular","nocturnal","*more diurnal/cathemeral crepuscular in some locations",4,"Tragelaphus_scriptus"
"Tragelaphus_spekii","Tragelaphus spekii","Bovidae","",NA,"cathemeral/crepuscular","crepuscular","cathemeral","",3,"Tragelaphus_spekii"
"Tragelaphus_strepsiceros","Tragelaphus strepsiceros","Bovidae","","diurnal","diurnal","diurnal","diurnal","",3,"Tragelaphus_strepsiceros"
"Tragelaphus_sylvaticus","Tragelaphus sylvaticus","Bovidae","",NA,"cathemeral","crepuscular","cathemeral","",4,"Tragelaphus_sylvaticus"
"Tragulus_javanicus","Tragulus javanicus","Tragulidae","","diurnal","diurnal/crepuscular","crepuscular","diurnal","",4,"Tragulus_javanicus"
"Tragulus_kanchil","Tragulus kanchil","Tragulidae","",NA,"cathemeral/crepuscular","crepuscular","cathemeral","",5,"Tragulus_kanchil"
"Tragulus_napu","Tragulus napu","Tragulidae","",NA,"cathemeral/crepuscular","crepuscular","cathemeral","",3,"Tragulus_napu"
"Tragulus_nigricans","Tragulus nigricans","Tragulidae","","nocturnal","nocturnal","nocturnal","nocturnal","",1,"Tragulus_nigricans"
"Tragulus_versicolor","Tragulus versicolor","Tragulidae","","diurnal","diurnal","diurnal","diurnal","",3,"Tragulus_versicolor"
"Tragulus_williamsoni","Tragulus williamsoni","Tragulidae","","diurnal","diurnal/crepuscular","crepuscular","diurnal","",3,"Tragulus_williamsoni"
"Vicugna_vicugna","Vicugna vicugna","Camelidae","Lama vicugna","diurnal","diurnal","diurnal","diurnal","",2,"Vicugna_vicugna"
